<Backups xmlns="http://www.microsoft.com/GroupPolicy/GPOOperations/Manifest" xmlns:mfst="http://www.microsoft.com/GroupPolicy/GPOOperations/Manifest" mfst:version="1.0"><BackupInst xmlns="http://www.microsoft.com/GroupPolicy/GPOOperations/Manifest"><GPOGuid><![CDATA[{97A612F4-6AD2-4966-B86B-CD68D0CFA24A}]]></GPOGuid><GPODomain><![CDATA[BLUE.FOREST]]></GPODomain><GPODomainGuid><![CDATA[{2810b1b3-0520-45dc-8ae8-6ccb2492b261}]]></GPODomainGuid><GPODomainController><![CDATA[DC02.BLUE.FOREST]]></GPODomainController><BackupTime><![CDATA[2023-04-17T20:14:50]]></BackupTime><ID><![CDATA[{E4B83386-765A-4E30-B87C-BB839160B7F3}]]></ID><Comment><![CDATA[]]></Comment><GPODisplayName><![CDATA[GPO-DC-FW-BAF]]></GPODisplayName></BackupInst></Backups>