<BackupInst xmlns="http://www.microsoft.com/GroupPolicy/GPOOperations/Manifest"><GPOGuid><![CDATA[{B604F08B-F4E5-4B4F-844C-6FFE6E69687A}]]></GPOGuid><GPODomain><![CDATA[int.beg.01.berylia.org]]></GPODomain><GPODomainGuid><![CDATA[{dcf8858c-f1a2-416d-b8ad-b18b67f03a5e}]]></GPODomainGuid><GPODomainController><![CDATA[DC01.int.beg.01.berylia.org]]></GPODomainController><BackupTime><![CDATA[2025-05-01T20:52:13]]></BackupTime><ID><![CDATA[{DA8D0B94-45C9-43C3-B631-52222D2AEB45}]]></ID><Comment><![CDATA[]]></Comment><GPODisplayName><![CDATA[GPO-User-W10-11]]></GPODisplayName></BackupInst>
