<BackupInst xmlns="http://www.microsoft.com/GroupPolicy/GPOOperations/Manifest"><GPOGuid><![CDATA[{F9667F88-A9FE-43FB-B06C-3D097D3219B5}]]></GPOGuid><GPODomain><![CDATA[int.beg.01.berylia.org]]></GPODomain><GPODomainGuid><![CDATA[{dcf8858c-f1a2-416d-b8ad-b18b67f03a5e}]]></GPODomainGuid><GPODomainController><![CDATA[DC01.int.beg.01.berylia.org]]></GPODomainController><BackupTime><![CDATA[2025-05-01T20:52:15]]></BackupTime><ID><![CDATA[{BC2A517D-6F42-4A9E-A775-1B756F095AB6}]]></ID><Comment><![CDATA[]]></Comment><GPODisplayName><![CDATA[GPO-MemberServerPolicy]]></GPODisplayName></BackupInst>
