<Backups xmlns="http://www.microsoft.com/GroupPolicy/GPOOperations/Manifest" xmlns:mfst="http://www.microsoft.com/GroupPolicy/GPOOperations/Manifest" mfst:version="1.0"><BackupInst><GPOGuid><![CDATA[{6C40F672-8CD9-4F80-9E6A-9F526B124F39}]]></GPOGuid><GPODomain><![CDATA[ESAE.RED]]></GPODomain><GPODomainGuid><![CDATA[{d2aa707a-cf96-4702-bf5c-dbf5a6770d8c}]]></GPODomainGuid><GPODomainController><![CDATA[ESAE01.ESAE.RED]]></GPODomainController><BackupTime><![CDATA[2022-04-20T17:19:57]]></BackupTime><ID><![CDATA[{E2BDB70A-3DB0-4350-AF6D-911AFB029661}]]></ID><Comment><![CDATA[]]></Comment><GPODisplayName><![CDATA[GPO-DefaultDomainPolicy-BEG]]></GPODisplayName></BackupInst></Backups>