<BackupInst xmlns="http://www.microsoft.com/GroupPolicy/GPOOperations/Manifest"><GPOGuid><![CDATA[{EF0A4942-99DC-4A1D-AF62-27B35F342D88}]]></GPOGuid><GPODomain><![CDATA[int.beg.01.berylia.org]]></GPODomain><GPODomainGuid><![CDATA[{dcf8858c-f1a2-416d-b8ad-b18b67f03a5e}]]></GPODomainGuid><GPODomainController><![CDATA[DC01.int.beg.01.berylia.org]]></GPODomainController><BackupTime><![CDATA[2025-05-01T20:52:14]]></BackupTime><ID><![CDATA[{ACC017F9-D19D-4CFE-91E1-0C9888C098D5}]]></ID><Comment><![CDATA[]]></Comment><GPODisplayName><![CDATA[GPO-office-u]]></GPODisplayName></BackupInst>
