<BackupInst xmlns="http://www.microsoft.com/GroupPolicy/GPOOperations/Manifest"><GPOGuid><![CDATA[{4BE2896E-38D9-4CE2-8B7A-77B143A13D7A}]]></GPOGuid><GPODomain><![CDATA[int.beg.01.berylia.org]]></GPODomain><GPODomainGuid><![CDATA[{dcf8858c-f1a2-416d-b8ad-b18b67f03a5e}]]></GPODomainGuid><GPODomainController><![CDATA[DC01.int.beg.01.berylia.org]]></GPODomainController><BackupTime><![CDATA[2025-05-01T20:52:12]]></BackupTime><ID><![CDATA[{7506772F-5A1F-4F81-82D1-A5DDC16F241A}]]></ID><Comment><![CDATA[]]></Comment><GPODisplayName><![CDATA[GPO-IE-c]]></GPODisplayName></BackupInst>
