<BackupInst xmlns="http://www.microsoft.com/GroupPolicy/GPOOperations/Manifest"><GPOGuid><![CDATA[{063D9C14-F4EE-4DEB-A24F-93A60AC248E4}]]></GPOGuid><GPODomain><![CDATA[int.beg.01.berylia.org]]></GPODomain><GPODomainGuid><![CDATA[{dcf8858c-f1a2-416d-b8ad-b18b67f03a5e}]]></GPODomainGuid><GPODomainController><![CDATA[DC01.int.beg.01.berylia.org]]></GPODomainController><BackupTime><![CDATA[2025-05-01T20:52:10]]></BackupTime><ID><![CDATA[{E520DE97-66CD-468E-814B-BA4922961A58}]]></ID><Comment><![CDATA[]]></Comment><GPODisplayName><![CDATA[GPO-chrome]]></GPODisplayName></BackupInst>
