<BackupInst xmlns="http://www.microsoft.com/GroupPolicy/GPOOperations/Manifest"><GPOGuid><![CDATA[{D873FBBC-B430-4551-B1EA-B43E27D82EE1}]]></GPOGuid><GPODomain><![CDATA[int.beg.01.berylia.org]]></GPODomain><GPODomainGuid><![CDATA[{dcf8858c-f1a2-416d-b8ad-b18b67f03a5e}]]></GPODomainGuid><GPODomainController><![CDATA[DC01.int.beg.01.berylia.org]]></GPODomainController><BackupTime><![CDATA[2025-05-01T20:52:14]]></BackupTime><ID><![CDATA[{02419920-4277-416C-90A7-A173A4B63B2F}]]></ID><Comment><![CDATA[]]></Comment><GPODisplayName><![CDATA[GPO-office-skype-c]]></GPODisplayName></BackupInst>
