<Backups xmlns="http://www.microsoft.com/GroupPolicy/GPOOperations/Manifest" xmlns:mfst="http://www.microsoft.com/GroupPolicy/GPOOperations/Manifest" mfst:version="1.0"><BackupInst><GPOGuid><![CDATA[{B6A6EB66-7966-4932-BB27-89CF24EA40B1}]]></GPOGuid><GPODomain><![CDATA[ESAE.RED]]></GPODomain><GPODomainGuid><![CDATA[{d2aa707a-cf96-4702-bf5c-dbf5a6770d8c}]]></GPODomainGuid><GPODomainController><![CDATA[ESAE01.ESAE.RED]]></GPODomainController><BackupTime><![CDATA[2022-04-15T23:59:29]]></BackupTime><ID><![CDATA[{00329B9D-D00C-44C9-BC0B-789CEC964C79}]]></ID><Comment><![CDATA[]]></Comment><GPODisplayName><![CDATA[GPO-EG-Applocker-11-BEG]]></GPODisplayName></BackupInst></Backups>