<BackupInst xmlns="http://www.microsoft.com/GroupPolicy/GPOOperations/Manifest"><GPOGuid><![CDATA[{C1D285FB-2F39-40AE-A63F-06532D2D7C6F}]]></GPOGuid><GPODomain><![CDATA[int.beg.01.berylia.org]]></GPODomain><GPODomainGuid><![CDATA[{dcf8858c-f1a2-416d-b8ad-b18b67f03a5e}]]></GPODomainGuid><GPODomainController><![CDATA[DC01.int.beg.01.berylia.org]]></GPODomainController><BackupTime><![CDATA[2025-05-01T20:52:13]]></BackupTime><ID><![CDATA[{E1895C52-35B2-420F-9BFE-866DE3FFBF20}]]></ID><Comment><![CDATA[]]></Comment><GPODisplayName><![CDATA[GPO-office-excel]]></GPODisplayName></BackupInst>
