<Backups xmlns="http://www.microsoft.com/GroupPolicy/GPOOperations/Manifest" xmlns:mfst="http://www.microsoft.com/GroupPolicy/GPOOperations/Manifest" mfst:version="1.0"><BackupInst><GPOGuid><![CDATA[{6E1F6E64-3B13-4BE1-9DBE-298286310D27}]]></GPOGuid><GPODomain><![CDATA[lab_2.sk]]></GPODomain><GPODomainGuid><![CDATA[{dfebeeae-4d87-482a-90ed-3fca357f9590}]]></GPODomainGuid><GPODomainController><![CDATA[DCX01.lab_2.sk]]></GPODomainController><BackupTime><![CDATA[2021-04-12T14:53:08]]></BackupTime><ID><![CDATA[{E111D5D3-6A83-4B0C-91CB-4B53E5C12598}]]></ID><Comment><![CDATA[]]></Comment><GPODisplayName><![CDATA[GPO-DefaultDomainControllerPolicy]]></GPODisplayName></BackupInst></Backups>