<BackupInst xmlns="http://www.microsoft.com/GroupPolicy/GPOOperations/Manifest"><GPOGuid><![CDATA[{C58E03D0-85DC-4FB2-95DF-026CE7F6441D}]]></GPOGuid><GPODomain><![CDATA[security.local]]></GPODomain><GPODomainGuid><![CDATA[{2b127034-e676-4f54-b03a-e700e3004cb0}]]></GPODomainGuid><GPODomainController><![CDATA[GPOSrv2016.security.local]]></GPODomainController><BackupTime><![CDATA[2020-11-05T20:56:23]]></BackupTime><ID><![CDATA[{7020FE51-7B81-4856-9FEA-F00FBB793619}]]></ID><Comment><![CDATA[]]></Comment><GPODisplayName><![CDATA[DoD Word 2016 STIG User v1r1]]></GPODisplayName></BackupInst>
