<BackupInst xmlns="http://www.microsoft.com/GroupPolicy/GPOOperations/Manifest"><GPOGuid><![CDATA[{DA1CACA5-35C4-4F39-9664-9A49D5987DFB}]]></GPOGuid><GPODomain><![CDATA[int.beg.01.berylia.org]]></GPODomain><GPODomainGuid><![CDATA[{dcf8858c-f1a2-416d-b8ad-b18b67f03a5e}]]></GPODomainGuid><GPODomainController><![CDATA[DC01.int.beg.01.berylia.org]]></GPODomainController><BackupTime><![CDATA[2025-05-01T20:52:14]]></BackupTime><ID><![CDATA[{53FE8087-10A3-4B31-80E9-17469B64875B}]]></ID><Comment><![CDATA[]]></Comment><GPODisplayName><![CDATA[GPO-office-publisher]]></GPODisplayName></BackupInst>
