<BackupInst xmlns="http://www.microsoft.com/GroupPolicy/GPOOperations/Manifest"><GPOGuid><![CDATA[{263BFBEF-7469-4E3B-B2A3-4038C0EDD0F9}]]></GPOGuid><GPODomain><![CDATA[int.beg.01.berylia.org]]></GPODomain><GPODomainGuid><![CDATA[{dcf8858c-f1a2-416d-b8ad-b18b67f03a5e}]]></GPODomainGuid><GPODomainController><![CDATA[DC01.int.beg.01.berylia.org]]></GPODomainController><BackupTime><![CDATA[2025-05-01T20:52:12]]></BackupTime><ID><![CDATA[{E1F8A59B-3784-46A2-A2B5-D635EF767B5C}]]></ID><Comment><![CDATA[]]></Comment><GPODisplayName><![CDATA[GPO-office-word]]></GPODisplayName></BackupInst>
