<BackupInst xmlns="http://www.microsoft.com/GroupPolicy/GPOOperations/Manifest"><GPOGuid><![CDATA[{F738F9E8-DAE8-4C90-9832-A8D749EA67E5}]]></GPOGuid><GPODomain><![CDATA[int.beg.01.berylia.org]]></GPODomain><GPODomainGuid><![CDATA[{dcf8858c-f1a2-416d-b8ad-b18b67f03a5e}]]></GPODomainGuid><GPODomainController><![CDATA[DC01.int.beg.01.berylia.org]]></GPODomainController><BackupTime><![CDATA[2025-05-01T20:52:14]]></BackupTime><ID><![CDATA[{E63F2A42-8F1E-4DAB-AFB3-029AAFE279BA}]]></ID><Comment><![CDATA[]]></Comment><GPODisplayName><![CDATA[GPO-DefaultDomainPolicy]]></GPODisplayName></BackupInst>
