<BackupInst xmlns="http://www.microsoft.com/GroupPolicy/GPOOperations/Manifest"><GPOGuid><![CDATA[{A0709940-8961-443F-B562-8C81982B68EB}]]></GPOGuid><GPODomain><![CDATA[int.beg.01.berylia.org]]></GPODomain><GPODomainGuid><![CDATA[{dcf8858c-f1a2-416d-b8ad-b18b67f03a5e}]]></GPODomainGuid><GPODomainController><![CDATA[DC01.int.beg.01.berylia.org]]></GPODomainController><BackupTime><![CDATA[2025-05-01T20:52:13]]></BackupTime><ID><![CDATA[{28149660-FF71-4556-962C-0DA320AF28E1}]]></ID><Comment><![CDATA[]]></Comment><GPODisplayName><![CDATA[GPO-Adobe-u]]></GPODisplayName></BackupInst>
