<BackupInst xmlns="http://www.microsoft.com/GroupPolicy/GPOOperations/Manifest"><GPOGuid><![CDATA[{EE0CDC00-ECDF-4CDC-98A2-4DD789783CFF}]]></GPOGuid><GPODomain><![CDATA[BLUE.FOREST]]></GPODomain><GPODomainGuid><![CDATA[{2810b1b3-0520-45dc-8ae8-6ccb2492b261}]]></GPODomainGuid><GPODomainController><![CDATA[DC02.BLUE.FOREST]]></GPODomainController><BackupTime><![CDATA[2023-04-17T20:25:39]]></BackupTime><ID><![CDATA[{2861FA25-F6DB-4DAC-9518-A460E19DC800}]]></ID><Comment><![CDATA[]]></Comment><GPODisplayName><![CDATA[GPO-OutBond_FW_ALL]]></GPODisplayName></BackupInst>
