<BackupInst xmlns="http://www.microsoft.com/GroupPolicy/GPOOperations/Manifest"><GPOGuid><![CDATA[{E08832A0-0E66-4052-9AD3-96ECA428D8F4}]]></GPOGuid><GPODomain><![CDATA[int.beg.01.berylia.org]]></GPODomain><GPODomainGuid><![CDATA[{dcf8858c-f1a2-416d-b8ad-b18b67f03a5e}]]></GPODomainGuid><GPODomainController><![CDATA[DC01.int.beg.01.berylia.org]]></GPODomainController><BackupTime><![CDATA[2025-05-01T20:52:14]]></BackupTime><ID><![CDATA[{4584ED01-07F8-4E73-A268-080CE0A938A7}]]></ID><Comment><![CDATA[]]></Comment><GPODisplayName><![CDATA[GPO-office-visio]]></GPODisplayName></BackupInst>
