<Backups xmlns="http://www.microsoft.com/GroupPolicy/GPOOperations/Manifest" xmlns:mfst="http://www.microsoft.com/GroupPolicy/GPOOperations/Manifest" mfst:version="1.0"><BackupInst><GPOGuid><![CDATA[{BCF51D43-CCE6-4EFD-A277-40755D2A75D9}]]></GPOGuid><GPODomain><![CDATA[int.baf.01.berylia.org]]></GPODomain><GPODomainGuid><![CDATA[{407a7827-4975-4248-84fc-aacaa85389cd}]]></GPODomainGuid><GPODomainController><![CDATA[dc1.int.baf.01.berylia.org]]></GPODomainController><BackupTime><![CDATA[2023-04-12T14:45:32]]></BackupTime><ID><![CDATA[{EFFE455F-8720-4850-84C1-3E638D882DD6}]]></ID><Comment><![CDATA[]]></Comment><GPODisplayName><![CDATA[GPO-EG-Applocker-10-baf]]></GPODisplayName></BackupInst></Backups>