<Backups xmlns="http://www.microsoft.com/GroupPolicy/GPOOperations/Manifest" xmlns:mfst="http://www.microsoft.com/GroupPolicy/GPOOperations/Manifest" mfst:version="1.0"><BackupInst xmlns="http://www.microsoft.com/GroupPolicy/GPOOperations/Manifest"><GPOGuid><![CDATA[{AACF4247-3BBE-43E4-A397-2EFFAC3CF731}]]></GPOGuid><GPODomain><![CDATA[security.local]]></GPODomain><GPODomainGuid><![CDATA[{2b127034-e676-4f54-b03a-e700e3004cb0}]]></GPODomainGuid><GPODomainController><![CDATA[GPOSrv2016.security.local]]></GPODomainController><BackupTime><![CDATA[2020-11-05T20:56:16]]></BackupTime><ID><![CDATA[{25AED95A-D2A5-4CFE-805A-0B01D8C2F136}]]></ID><Comment><![CDATA[]]></Comment><GPODisplayName><![CDATA[DoD Office System 2016 STIG User v1r1]]></GPODisplayName></BackupInst></Backups>