<BackupInst xmlns="http://www.microsoft.com/GroupPolicy/GPOOperations/Manifest"><GPOGuid><![CDATA[{42A354F2-F604-444B-B1A4-6FE0A4531815}]]></GPOGuid><GPODomain><![CDATA[int.beg.01.berylia.org]]></GPODomain><GPODomainGuid><![CDATA[{dcf8858c-f1a2-416d-b8ad-b18b67f03a5e}]]></GPODomainGuid><GPODomainController><![CDATA[DC01.int.beg.01.berylia.org]]></GPODomainController><BackupTime><![CDATA[2025-05-01T20:52:12]]></BackupTime><ID><![CDATA[{779FF91F-CAC2-436D-BBD4-E389AC400123}]]></ID><Comment><![CDATA[]]></Comment><GPODisplayName><![CDATA[GPO-OutBond_FW_ALL]]></GPODisplayName></BackupInst>
