<BackupInst xmlns="http://www.microsoft.com/GroupPolicy/GPOOperations/Manifest"><GPOGuid><![CDATA[{E801E6FA-A6A8-44D6-AD50-2EC52170166F}]]></GPOGuid><GPODomain><![CDATA[int.beg.01.berylia.org]]></GPODomain><GPODomainGuid><![CDATA[{dcf8858c-f1a2-416d-b8ad-b18b67f03a5e}]]></GPODomainGuid><GPODomainController><![CDATA[DC01.int.beg.01.berylia.org]]></GPODomainController><BackupTime><![CDATA[2025-05-01T20:52:14]]></BackupTime><ID><![CDATA[{6363BEE0-143C-4FC3-B588-2D6994B7184A}]]></ID><Comment><![CDATA[]]></Comment><GPODisplayName><![CDATA[GPO-Adobe-c]]></GPODisplayName></BackupInst>
