<BackupInst xmlns="http://www.microsoft.com/GroupPolicy/GPOOperations/Manifest"><GPOGuid><![CDATA[{6AC1786C-016F-11D2-945F-00C04fB984F9}]]></GPOGuid><GPODomain><![CDATA[int.beg.01.berylia.org]]></GPODomain><GPODomainGuid><![CDATA[{dcf8858c-f1a2-416d-b8ad-b18b67f03a5e}]]></GPODomainGuid><GPODomainController><![CDATA[DC01.int.beg.01.berylia.org]]></GPODomainController><BackupTime><![CDATA[2025-05-01T20:52:12]]></BackupTime><ID><![CDATA[{F398802B-E7EB-4A80-B73E-D076EB3176A7}]]></ID><Comment><![CDATA[]]></Comment><GPODisplayName><![CDATA[Default Domain Controllers Policy]]></GPODisplayName></BackupInst>
