<BackupInst xmlns="http://www.microsoft.com/GroupPolicy/GPOOperations/Manifest"><GPOGuid><![CDATA[{169F7DF1-CA00-47A4-B3E2-23713594D1FA}]]></GPOGuid><GPODomain><![CDATA[int.beg.01.berylia.org]]></GPODomain><GPODomainGuid><![CDATA[{dcf8858c-f1a2-416d-b8ad-b18b67f03a5e}]]></GPODomainGuid><GPODomainController><![CDATA[DC01.int.beg.01.berylia.org]]></GPODomainController><BackupTime><![CDATA[2025-05-01T20:52:12]]></BackupTime><ID><![CDATA[{05CDBF82-7DFD-4D94-8802-FC5EA38EA5DE}]]></ID><Comment><![CDATA[]]></Comment><GPODisplayName><![CDATA[GPO-DefaultDomainControllerPolicy]]></GPODisplayName></BackupInst>
