<?xml version="1.0" encoding="utf-8"?>
<RegistrySettings clsid="{A3CCFC41-DFDB-43a5-8D26-0FE8B954DA51}"><Registry clsid="{9CD4B2F4-923D-47f5-A062-E897DD1DAD50}" name="LocalAccountTokenFilterPolicy" status="LocalAccountTokenFilterPolicy" image="12" changed="2021-04-10 15:03:16" uid="{D90BA800-116E-47E8-9CA8-043CEB706A24}"><Properties action="U" displayDecimal="1" default="0" hive="HKEY_LOCAL_MACHINE" key="SOFTWARE\Microsoft\Windows\CurrentVersion\policies\system" name="LocalAccountTokenFilterPolicy" type="REG_DWORD" value="00000000"/></Registry>
	<Registry clsid="{9CD4B2F4-923D-47f5-A062-E897DD1DAD50}" name="WpadOverride" status="WpadOverride" image="10" changed="2018-04-16 21:50:50" uid="{273BD7A4-0C4F-4E99-AF16-C0E8C86004FB}" bypassErrors="1"><Properties action="C" displayDecimal="1" default="0" hive="HKEY_CURRENT_USER" key="Software\Microsoft\Windows\CurrentVersion\Internet Settings\Wpad" name="WpadOverride" type="REG_DWORD" value="00000001"/></Registry>
	<Registry clsid="{9CD4B2F4-923D-47f5-A062-E897DD1DAD50}" name="SpecialGroups" status="SpecialGroups" image="7" changed="2018-04-23 19:43:31" uid="{A75149FB-192A-45AE-844F-FC7CEA8EA872}"><Properties action="U" displayDecimal="1" default="0" hive="HKEY_LOCAL_MACHINE" key="SYSTEM\CurrentControlSet\Control\Lsa\Audit" name="SpecialGroups" type="REG_SZ" value="S-1-5-21-2756380217-171183583-2790346516-512,S-1-5-113,S-1-5-21-2756380217-171183583-2790346516-512,S-1-5-113,S-1-5-21-2756380217-171183583-2790346516-512,S-1-5-113,S-1-5-21-2756380217-171183583-2790346516-519,S-1-5-32-544"/></Registry>
	<Registry clsid="{9CD4B2F4-923D-47f5-A062-E897DD1DAD50}" name="Final" status="Final" image="7" changed="2021-04-12 08:20:44" uid="{85480273-F7C3-4AC9-BE0C-8975E2C491F5}"><Properties action="U" displayDecimal="1" default="0" hive="HKEY_LOCAL_MACHINE" key="SOFTWARE\Policies\LibreOffice\org.openoffice.Office.Common\Security\Scripting\MacroSecurityLevel" name="Final" type="REG_SZ" value=""/></Registry>
	<Registry clsid="{9CD4B2F4-923D-47f5-A062-E897DD1DAD50}" name="MacroRuntimeScanScope" status="MacroRuntimeScanScope" image="12" changed="2021-04-12 13:32:29" uid="{1BE479AC-3E84-47D9-95C9-9EF6EAF5DA39}"><Properties action="U" displayDecimal="1" default="0" hive="HKEY_CURRENT_USER" key="SOFTWARE\Microsoft\Office\%VERSION%\Common\Security" name="MacroRuntimeScanScope" type="REG_DWORD" value="00000002"/></Registry>
	<Registry clsid="{9CD4B2F4-923D-47f5-A062-E897DD1DAD50}" name="AutoShareServer" status="AutoShareServer" image="12" changed="2017-04-23 10:26:14" uid="{6C8A1A43-C2BB-484D-A9E7-E00F2C385785}"><Properties action="U" displayDecimal="1" default="0" hive="HKEY_LOCAL_MACHINE" key="SYSTEM\CurrentControlSet\Services\LanmanServer\Parameters" name="AutoShareServer" type="REG_DWORD" value="00000000"/></Registry>
	<Registry clsid="{9CD4B2F4-923D-47f5-A062-E897DD1DAD50}" name="DefaultShell" status="DefaultShell" image="7" changed="2021-04-12 13:44:03" uid="{DBB66C0E-0582-482B-8C68-C2E2AB88560D}"><Properties action="U" displayDecimal="1" default="0" hive="HKEY_LOCAL_MACHINE" key="SOFTWARE\OpenSSH" name="DefaultShell" type="REG_SZ" value="C:\Windows\System32\cmd.exe"/></Registry>
	<Registry clsid="{9CD4B2F4-923D-47f5-A062-E897DD1DAD50}" name="Run" status="Run" image="3" changed="2021-04-12 18:26:16" uid="{83002B25-9C25-43EB-A9A0-132C95CA79D4}"><Properties action="D" displayDecimal="1" default="0" hive="HKEY_CURRENT_USER" key="SOFTWARE\Microsoft\Windows\CurrentVersion\Run" name="" type="REG_SZ" value=""/></Registry>
	<Registry clsid="{9CD4B2F4-923D-47f5-A062-E897DD1DAD50}" name="RunOnce" status="RunOnce" image="3" changed="2021-04-12 18:26:02" uid="{82B2B12E-F8CC-462D-B3A2-161C248AB5BC}"><Properties action="D" displayDecimal="1" default="0" hive="HKEY_CURRENT_USER" key="SOFTWARE\Microsoft\Windows\CurrentVersion\RunOnce" name="" type="REG_SZ" value=""/></Registry>
	<Registry clsid="{9CD4B2F4-923D-47f5-A062-E897DD1DAD50}" name="DisableRestrictedAdmin" status="DisableRestrictedAdmin" image="10" changed="2022-04-19 01:52:10" uid="{3016B439-69BC-411B-A459-A29441559B1E}"><Properties action="C" displayDecimal="1" default="0" hive="HKEY_LOCAL_MACHINE" key="SYSTEM\CurrentControlSet\Control\Lsa" name="DisableRestrictedAdmin" type="REG_DWORD" value="00000000"/></Registry>
</RegistrySettings>
