<Backups xmlns="http://www.microsoft.com/GroupPolicy/GPOOperations/Manifest" xmlns:mfst="http://www.microsoft.com/GroupPolicy/GPOOperations/Manifest" mfst:version="1.0"><BackupInst><GPOGuid><![CDATA[{F9667F88-A9FE-43FB-B06C-3D097D3219B5}]]></GPOGuid><GPODomain><![CDATA[int.beg.01.berylia.org]]></GPODomain><GPODomainGuid><![CDATA[{dcf8858c-f1a2-416d-b8ad-b18b67f03a5e}]]></GPODomainGuid><GPODomainController><![CDATA[DC01.int.beg.01.berylia.org]]></GPODomainController><BackupTime><![CDATA[2025-05-01T20:52:15]]></BackupTime><ID><![CDATA[{BC2A517D-6F42-4A9E-A775-1B756F095AB6}]]></ID><Comment><![CDATA[]]></Comment><GPODisplayName><![CDATA[GPO-MemberServerPolicy]]></GPODisplayName></BackupInst><BackupInst><GPOGuid><![CDATA[{F8A028FF-71A9-444E-9A52-D45AEA0C55AA}]]></GPOGuid><GPODomain><![CDATA[int.beg.01.berylia.org]]></GPODomain><GPODomainGuid><![CDATA[{dcf8858c-f1a2-416d-b8ad-b18b67f03a5e}]]></GPODomainGuid><GPODomainController><![CDATA[DC01.int.beg.01.berylia.org]]></GPODomainController><BackupTime><![CDATA[2025-05-01T20:52:15]]></BackupTime><ID><![CDATA[{35DDFD86-C834-4628-8D0D-95CB98611640}]]></ID><Comment><![CDATA[]]></Comment><GPODisplayName><![CDATA[GPO-EG-Applocker-DS]]></GPODisplayName></BackupInst><BackupInst><GPOGuid><![CDATA[{F738F9E8-DAE8-4C90-9832-A8D749EA67E5}]]></GPOGuid><GPODomain><![CDATA[int.beg.01.berylia.org]]></GPODomain><GPODomainGuid><![CDATA[{dcf8858c-f1a2-416d-b8ad-b18b67f03a5e}]]></GPODomainGuid><GPODomainController><![CDATA[DC01.int.beg.01.berylia.org]]></GPODomainController><BackupTime><![CDATA[2025-05-01T20:52:14]]></BackupTime><ID><![CDATA[{E63F2A42-8F1E-4DAB-AFB3-029AAFE279BA}]]></ID><Comment><![CDATA[]]></Comment><GPODisplayName><![CDATA[GPO-DefaultDomainPolicy]]></GPODisplayName></BackupInst><BackupInst><GPOGuid><![CDATA[{EF0A4942-99DC-4A1D-AF62-27B35F342D88}]]></GPOGuid><GPODomain><![CDATA[int.beg.01.berylia.org]]></GPODomain><GPODomainGuid><![CDATA[{dcf8858c-f1a2-416d-b8ad-b18b67f03a5e}]]></GPODomainGuid><GPODomainController><![CDATA[DC01.int.beg.01.berylia.org]]></GPODomainController><BackupTime><![CDATA[2025-05-01T20:52:14]]></BackupTime><ID><![CDATA[{ACC017F9-D19D-4CFE-91E1-0C9888C098D5}]]></ID><Comment><![CDATA[]]></Comment><GPODisplayName><![CDATA[GPO-office-u]]></GPODisplayName></BackupInst><BackupInst><GPOGuid><![CDATA[{EB10AD3A-E284-479A-BB15-EEA5D8465F0D}]]></GPOGuid><GPODomain><![CDATA[int.beg.01.berylia.org]]></GPODomain><GPODomainGuid><![CDATA[{dcf8858c-f1a2-416d-b8ad-b18b67f03a5e}]]></GPODomainGuid><GPODomainController><![CDATA[DC01.int.beg.01.berylia.org]]></GPODomainController><BackupTime><![CDATA[2025-05-01T20:52:14]]></BackupTime><ID><![CDATA[{5F25AEC0-D46E-4107-B7CB-34A6A2165BE4}]]></ID><Comment><![CDATA[]]></Comment><GPODisplayName><![CDATA[GPO-EG-Applocker-11]]></GPODisplayName></BackupInst><BackupInst><GPOGuid><![CDATA[{E801E6FA-A6A8-44D6-AD50-2EC52170166F}]]></GPOGuid><GPODomain><![CDATA[int.beg.01.berylia.org]]></GPODomain><GPODomainGuid><![CDATA[{dcf8858c-f1a2-416d-b8ad-b18b67f03a5e}]]></GPODomainGuid><GPODomainController><![CDATA[DC01.int.beg.01.berylia.org]]></GPODomainController><BackupTime><![CDATA[2025-05-01T20:52:14]]></BackupTime><ID><![CDATA[{6363BEE0-143C-4FC3-B588-2D6994B7184A}]]></ID><Comment><![CDATA[]]></Comment><GPODisplayName><![CDATA[GPO-Adobe-c]]></GPODisplayName></BackupInst><BackupInst><GPOGuid><![CDATA[{E7F4CD27-070D-468B-8B87-8114E1B9C8AF}]]></GPOGuid><GPODomain><![CDATA[int.beg.01.berylia.org]]></GPODomain><GPODomainGuid><![CDATA[{dcf8858c-f1a2-416d-b8ad-b18b67f03a5e}]]></GPODomainGuid><GPODomainController><![CDATA[DC01.int.beg.01.berylia.org]]></GPODomainController><BackupTime><![CDATA[2025-05-01T20:52:14]]></BackupTime><ID><![CDATA[{49E3975D-7FFF-4D46-999C-561EC48F9C8C}]]></ID><Comment><![CDATA[]]></Comment><GPODisplayName><![CDATA[GPO-W10-11]]></GPODisplayName></BackupInst><BackupInst><GPOGuid><![CDATA[{E60756B0-7FD7-4651-9029-543519B833F1}]]></GPOGuid><GPODomain><![CDATA[int.beg.01.berylia.org]]></GPODomain><GPODomainGuid><![CDATA[{dcf8858c-f1a2-416d-b8ad-b18b67f03a5e}]]></GPODomainGuid><GPODomainController><![CDATA[DC01.int.beg.01.berylia.org]]></GPODomainController><BackupTime><![CDATA[2025-05-01T20:52:14]]></BackupTime><ID><![CDATA[{4E13E09E-4BD7-4EEE-ABFE-67B7A628E12B}]]></ID><Comment><![CDATA[]]></Comment><GPODisplayName><![CDATA[GPO-edge]]></GPODisplayName></BackupInst><BackupInst><GPOGuid><![CDATA[{E08832A0-0E66-4052-9AD3-96ECA428D8F4}]]></GPOGuid><GPODomain><![CDATA[int.beg.01.berylia.org]]></GPODomain><GPODomainGuid><![CDATA[{dcf8858c-f1a2-416d-b8ad-b18b67f03a5e}]]></GPODomainGuid><GPODomainController><![CDATA[DC01.int.beg.01.berylia.org]]></GPODomainController><BackupTime><![CDATA[2025-05-01T20:52:14]]></BackupTime><ID><![CDATA[{4584ED01-07F8-4E73-A268-080CE0A938A7}]]></ID><Comment><![CDATA[]]></Comment><GPODisplayName><![CDATA[GPO-office-visio]]></GPODisplayName></BackupInst><BackupInst><GPOGuid><![CDATA[{DC5F3C88-A164-4DAB-9A2D-DABD575E64A2}]]></GPOGuid><GPODomain><![CDATA[int.beg.01.berylia.org]]></GPODomain><GPODomainGuid><![CDATA[{dcf8858c-f1a2-416d-b8ad-b18b67f03a5e}]]></GPODomainGuid><GPODomainController><![CDATA[DC01.int.beg.01.berylia.org]]></GPODomainController><BackupTime><![CDATA[2025-05-01T20:52:14]]></BackupTime><ID><![CDATA[{AF7EED69-9F0F-4E60-93DE-D7BA9BD247DB}]]></ID><Comment><![CDATA[]]></Comment><GPODisplayName><![CDATA[GPO-office-c]]></GPODisplayName></BackupInst><BackupInst><GPOGuid><![CDATA[{DA1CACA5-35C4-4F39-9664-9A49D5987DFB}]]></GPOGuid><GPODomain><![CDATA[int.beg.01.berylia.org]]></GPODomain><GPODomainGuid><![CDATA[{dcf8858c-f1a2-416d-b8ad-b18b67f03a5e}]]></GPODomainGuid><GPODomainController><![CDATA[DC01.int.beg.01.berylia.org]]></GPODomainController><BackupTime><![CDATA[2025-05-01T20:52:14]]></BackupTime><ID><![CDATA[{53FE8087-10A3-4B31-80E9-17469B64875B}]]></ID><Comment><![CDATA[]]></Comment><GPODisplayName><![CDATA[GPO-office-publisher]]></GPODisplayName></BackupInst><BackupInst><GPOGuid><![CDATA[{D873FBBC-B430-4551-B1EA-B43E27D82EE1}]]></GPOGuid><GPODomain><![CDATA[int.beg.01.berylia.org]]></GPODomain><GPODomainGuid><![CDATA[{dcf8858c-f1a2-416d-b8ad-b18b67f03a5e}]]></GPODomainGuid><GPODomainController><![CDATA[DC01.int.beg.01.berylia.org]]></GPODomainController><BackupTime><![CDATA[2025-05-01T20:52:14]]></BackupTime><ID><![CDATA[{02419920-4277-416C-90A7-A173A4B63B2F}]]></ID><Comment><![CDATA[]]></Comment><GPODisplayName><![CDATA[GPO-office-skype-c]]></GPODisplayName></BackupInst><BackupInst><GPOGuid><![CDATA[{CB4EF15A-B2FB-48E6-B9DE-E277E5BB7CF4}]]></GPOGuid><GPODomain><![CDATA[int.beg.01.berylia.org]]></GPODomain><GPODomainGuid><![CDATA[{dcf8858c-f1a2-416d-b8ad-b18b67f03a5e}]]></GPODomainGuid><GPODomainController><![CDATA[DC01.int.beg.01.berylia.org]]></GPODomainController><BackupTime><![CDATA[2025-05-01T20:52:14]]></BackupTime><ID><![CDATA[{BA0DA461-6B7E-433A-8C3A-2AE47E1B4090}]]></ID><Comment><![CDATA[]]></Comment><GPODisplayName><![CDATA[GPO-office-onedrive-c]]></GPODisplayName></BackupInst><BackupInst><GPOGuid><![CDATA[{C1D285FB-2F39-40AE-A63F-06532D2D7C6F}]]></GPOGuid><GPODomain><![CDATA[int.beg.01.berylia.org]]></GPODomain><GPODomainGuid><![CDATA[{dcf8858c-f1a2-416d-b8ad-b18b67f03a5e}]]></GPODomainGuid><GPODomainController><![CDATA[DC01.int.beg.01.berylia.org]]></GPODomainController><BackupTime><![CDATA[2025-05-01T20:52:13]]></BackupTime><ID><![CDATA[{E1895C52-35B2-420F-9BFE-866DE3FFBF20}]]></ID><Comment><![CDATA[]]></Comment><GPODisplayName><![CDATA[GPO-office-excel]]></GPODisplayName></BackupInst><BackupInst><GPOGuid><![CDATA[{B604F08B-F4E5-4B4F-844C-6FFE6E69687A}]]></GPOGuid><GPODomain><![CDATA[int.beg.01.berylia.org]]></GPODomain><GPODomainGuid><![CDATA[{dcf8858c-f1a2-416d-b8ad-b18b67f03a5e}]]></GPODomainGuid><GPODomainController><![CDATA[DC01.int.beg.01.berylia.org]]></GPODomainController><BackupTime><![CDATA[2025-05-01T20:52:13]]></BackupTime><ID><![CDATA[{DA8D0B94-45C9-43C3-B631-52222D2AEB45}]]></ID><Comment><![CDATA[]]></Comment><GPODisplayName><![CDATA[GPO-User-W10-11]]></GPODisplayName></BackupInst><BackupInst><GPOGuid><![CDATA[{A4CCA367-EF66-430D-99EE-3B76279500C5}]]></GPOGuid><GPODomain><![CDATA[int.beg.01.berylia.org]]></GPODomain><GPODomainGuid><![CDATA[{dcf8858c-f1a2-416d-b8ad-b18b67f03a5e}]]></GPODomainGuid><GPODomainController><![CDATA[DC01.int.beg.01.berylia.org]]></GPODomainController><BackupTime><![CDATA[2025-05-01T20:52:13]]></BackupTime><ID><![CDATA[{96D607DF-79D8-4D3B-80BA-16790B5DE1B2}]]></ID><Comment><![CDATA[]]></Comment><GPODisplayName><![CDATA[GPO-DC-FW]]></GPODisplayName></BackupInst><BackupInst><GPOGuid><![CDATA[{A0709940-8961-443F-B562-8C81982B68EB}]]></GPOGuid><GPODomain><![CDATA[int.beg.01.berylia.org]]></GPODomain><GPODomainGuid><![CDATA[{dcf8858c-f1a2-416d-b8ad-b18b67f03a5e}]]></GPODomainGuid><GPODomainController><![CDATA[DC01.int.beg.01.berylia.org]]></GPODomainController><BackupTime><![CDATA[2025-05-01T20:52:13]]></BackupTime><ID><![CDATA[{28149660-FF71-4556-962C-0DA320AF28E1}]]></ID><Comment><![CDATA[]]></Comment><GPODisplayName><![CDATA[GPO-Adobe-u]]></GPODisplayName></BackupInst><BackupInst><GPOGuid><![CDATA[{918E1072-E2EC-474E-BB05-5CE13958B915}]]></GPOGuid><GPODomain><![CDATA[int.beg.01.berylia.org]]></GPODomain><GPODomainGuid><![CDATA[{dcf8858c-f1a2-416d-b8ad-b18b67f03a5e}]]></GPODomainGuid><GPODomainController><![CDATA[DC01.int.beg.01.berylia.org]]></GPODomainController><BackupTime><![CDATA[2025-05-01T20:52:13]]></BackupTime><ID><![CDATA[{0E91D4D9-4490-40BE-8A67-F05D009BF542}]]></ID><Comment><![CDATA[]]></Comment><GPODisplayName><![CDATA[GPO-EG-Applocker-10]]></GPODisplayName></BackupInst><BackupInst><GPOGuid><![CDATA[{90574078-F334-4087-90A1-EE07BBD90AF3}]]></GPOGuid><GPODomain><![CDATA[int.beg.01.berylia.org]]></GPODomain><GPODomainGuid><![CDATA[{dcf8858c-f1a2-416d-b8ad-b18b67f03a5e}]]></GPODomainGuid><GPODomainController><![CDATA[DC01.int.beg.01.berylia.org]]></GPODomainController><BackupTime><![CDATA[2025-05-01T20:52:13]]></BackupTime><ID><![CDATA[{F4C393A6-C310-4703-9C9C-89596DF1DE30}]]></ID><Comment><![CDATA[]]></Comment><GPODisplayName><![CDATA[GPO-IE-u]]></GPODisplayName></BackupInst><BackupInst><GPOGuid><![CDATA[{791076DC-859D-4990-A9C2-8930DB0DA6C0}]]></GPOGuid><GPODomain><![CDATA[int.beg.01.berylia.org]]></GPODomain><GPODomainGuid><![CDATA[{dcf8858c-f1a2-416d-b8ad-b18b67f03a5e}]]></GPODomainGuid><GPODomainController><![CDATA[DC01.int.beg.01.berylia.org]]></GPODomainController><BackupTime><![CDATA[2025-05-01T20:52:13]]></BackupTime><ID><![CDATA[{8F849091-3B27-4DE4-8999-9D233075D7B8}]]></ID><Comment><![CDATA[]]></Comment><GPODisplayName><![CDATA[GPO-office-powerpoint]]></GPODisplayName></BackupInst><BackupInst><GPOGuid><![CDATA[{71C655C5-C503-41C8-85E4-F0D6D4802914}]]></GPOGuid><GPODomain><![CDATA[int.beg.01.berylia.org]]></GPODomain><GPODomainGuid><![CDATA[{dcf8858c-f1a2-416d-b8ad-b18b67f03a5e}]]></GPODomainGuid><GPODomainController><![CDATA[DC01.int.beg.01.berylia.org]]></GPODomainController><BackupTime><![CDATA[2025-05-01T20:52:13]]></BackupTime><ID><![CDATA[{1D536FFE-919D-42D2-8D9E-EA0D59A89838}]]></ID><Comment><![CDATA[]]></Comment><GPODisplayName><![CDATA[GPO-office-project]]></GPODisplayName></BackupInst><BackupInst><GPOGuid><![CDATA[{6AC1786C-016F-11D2-945F-00C04fB984F9}]]></GPOGuid><GPODomain><![CDATA[int.beg.01.berylia.org]]></GPODomain><GPODomainGuid><![CDATA[{dcf8858c-f1a2-416d-b8ad-b18b67f03a5e}]]></GPODomainGuid><GPODomainController><![CDATA[DC01.int.beg.01.berylia.org]]></GPODomainController><BackupTime><![CDATA[2025-05-01T20:52:12]]></BackupTime><ID><![CDATA[{F398802B-E7EB-4A80-B73E-D076EB3176A7}]]></ID><Comment><![CDATA[]]></Comment><GPODisplayName><![CDATA[Default Domain Controllers Policy]]></GPODisplayName></BackupInst><BackupInst><GPOGuid><![CDATA[{4BE2896E-38D9-4CE2-8B7A-77B143A13D7A}]]></GPOGuid><GPODomain><![CDATA[int.beg.01.berylia.org]]></GPODomain><GPODomainGuid><![CDATA[{dcf8858c-f1a2-416d-b8ad-b18b67f03a5e}]]></GPODomainGuid><GPODomainController><![CDATA[DC01.int.beg.01.berylia.org]]></GPODomainController><BackupTime><![CDATA[2025-05-01T20:52:12]]></BackupTime><ID><![CDATA[{7506772F-5A1F-4F81-82D1-A5DDC16F241A}]]></ID><Comment><![CDATA[]]></Comment><GPODisplayName><![CDATA[GPO-IE-c]]></GPODisplayName></BackupInst><BackupInst><GPOGuid><![CDATA[{46D1B48C-3D01-41A5-9C04-24618693D59A}]]></GPOGuid><GPODomain><![CDATA[int.beg.01.berylia.org]]></GPODomain><GPODomainGuid><![CDATA[{dcf8858c-f1a2-416d-b8ad-b18b67f03a5e}]]></GPODomainGuid><GPODomainController><![CDATA[DC01.int.beg.01.berylia.org]]></GPODomainController><BackupTime><![CDATA[2025-05-01T20:52:12]]></BackupTime><ID><![CDATA[{4414045D-63C0-4ABC-A8DE-C294FE3B7AEF}]]></ID><Comment><![CDATA[]]></Comment><GPODisplayName><![CDATA[GPO-HUN-ADFS-FW]]></GPODisplayName></BackupInst><BackupInst><GPOGuid><![CDATA[{42A354F2-F604-444B-B1A4-6FE0A4531815}]]></GPOGuid><GPODomain><![CDATA[int.beg.01.berylia.org]]></GPODomain><GPODomainGuid><![CDATA[{dcf8858c-f1a2-416d-b8ad-b18b67f03a5e}]]></GPODomainGuid><GPODomainController><![CDATA[DC01.int.beg.01.berylia.org]]></GPODomainController><BackupTime><![CDATA[2025-05-01T20:52:12]]></BackupTime><ID><![CDATA[{779FF91F-CAC2-436D-BBD4-E389AC400123}]]></ID><Comment><![CDATA[]]></Comment><GPODisplayName><![CDATA[GPO-OutBond_FW_ALL]]></GPODisplayName></BackupInst><BackupInst><GPOGuid><![CDATA[{42A1D037-1CDC-4D5B-B0F3-0CEFEC8C37F7}]]></GPOGuid><GPODomain><![CDATA[int.beg.01.berylia.org]]></GPODomain><GPODomainGuid><![CDATA[{dcf8858c-f1a2-416d-b8ad-b18b67f03a5e}]]></GPODomainGuid><GPODomainController><![CDATA[DC01.int.beg.01.berylia.org]]></GPODomainController><BackupTime><![CDATA[2025-05-01T20:52:12]]></BackupTime><ID><![CDATA[{62C8119F-7013-41AC-A8A1-EBBD067E95E0}]]></ID><Comment><![CDATA[]]></Comment><GPODisplayName><![CDATA[GPO-office-onedrive-u]]></GPODisplayName></BackupInst><BackupInst><GPOGuid><![CDATA[{3871EC81-789F-4F72-B576-B0C4AEBB6460}]]></GPOGuid><GPODomain><![CDATA[int.beg.01.berylia.org]]></GPODomain><GPODomainGuid><![CDATA[{dcf8858c-f1a2-416d-b8ad-b18b67f03a5e}]]></GPODomainGuid><GPODomainController><![CDATA[DC01.int.beg.01.berylia.org]]></GPODomainController><BackupTime><![CDATA[2025-05-01T20:52:12]]></BackupTime><ID><![CDATA[{EBC4D401-C73E-4B48-B267-6F6565B1D52B}]]></ID><Comment><![CDATA[]]></Comment><GPODisplayName><![CDATA[GPO-office-outlook]]></GPODisplayName></BackupInst><BackupInst><GPOGuid><![CDATA[{31B2F340-016D-11D2-945F-00C04FB984F9}]]></GPOGuid><GPODomain><![CDATA[int.beg.01.berylia.org]]></GPODomain><GPODomainGuid><![CDATA[{dcf8858c-f1a2-416d-b8ad-b18b67f03a5e}]]></GPODomainGuid><GPODomainController><![CDATA[DC01.int.beg.01.berylia.org]]></GPODomainController><BackupTime><![CDATA[2025-05-01T20:52:12]]></BackupTime><ID><![CDATA[{743F6258-6B21-4B07-804C-EB298611B44A}]]></ID><Comment><![CDATA[]]></Comment><GPODisplayName><![CDATA[Default Domain Policy]]></GPODisplayName></BackupInst><BackupInst><GPOGuid><![CDATA[{282E49F8-6627-4960-8688-F1D960AE91AF}]]></GPOGuid><GPODomain><![CDATA[int.beg.01.berylia.org]]></GPODomain><GPODomainGuid><![CDATA[{dcf8858c-f1a2-416d-b8ad-b18b67f03a5e}]]></GPODomainGuid><GPODomainController><![CDATA[DC01.int.beg.01.berylia.org]]></GPODomainController><BackupTime><![CDATA[2025-05-01T20:52:12]]></BackupTime><ID><![CDATA[{95AF7206-E271-49AF-9782-C718D22A880F}]]></ID><Comment><![CDATA[]]></Comment><GPODisplayName><![CDATA[GPO-office-Access]]></GPODisplayName></BackupInst><BackupInst><GPOGuid><![CDATA[{263BFBEF-7469-4E3B-B2A3-4038C0EDD0F9}]]></GPOGuid><GPODomain><![CDATA[int.beg.01.berylia.org]]></GPODomain><GPODomainGuid><![CDATA[{dcf8858c-f1a2-416d-b8ad-b18b67f03a5e}]]></GPODomainGuid><GPODomainController><![CDATA[DC01.int.beg.01.berylia.org]]></GPODomainController><BackupTime><![CDATA[2025-05-01T20:52:12]]></BackupTime><ID><![CDATA[{E1F8A59B-3784-46A2-A2B5-D635EF767B5C}]]></ID><Comment><![CDATA[]]></Comment><GPODisplayName><![CDATA[GPO-office-word]]></GPODisplayName></BackupInst><BackupInst><GPOGuid><![CDATA[{169F7DF1-CA00-47A4-B3E2-23713594D1FA}]]></GPOGuid><GPODomain><![CDATA[int.beg.01.berylia.org]]></GPODomain><GPODomainGuid><![CDATA[{dcf8858c-f1a2-416d-b8ad-b18b67f03a5e}]]></GPODomainGuid><GPODomainController><![CDATA[DC01.int.beg.01.berylia.org]]></GPODomainController><BackupTime><![CDATA[2025-05-01T20:52:12]]></BackupTime><ID><![CDATA[{05CDBF82-7DFD-4D94-8802-FC5EA38EA5DE}]]></ID><Comment><![CDATA[]]></Comment><GPODisplayName><![CDATA[GPO-DefaultDomainControllerPolicy]]></GPODisplayName></BackupInst><BackupInst><GPOGuid><![CDATA[{063D9C14-F4EE-4DEB-A24F-93A60AC248E4}]]></GPOGuid><GPODomain><![CDATA[int.beg.01.berylia.org]]></GPODomain><GPODomainGuid><![CDATA[{dcf8858c-f1a2-416d-b8ad-b18b67f03a5e}]]></GPODomainGuid><GPODomainController><![CDATA[DC01.int.beg.01.berylia.org]]></GPODomainController><BackupTime><![CDATA[2025-05-01T20:52:10]]></BackupTime><ID><![CDATA[{E520DE97-66CD-468E-814B-BA4922961A58}]]></ID><Comment><![CDATA[]]></Comment><GPODisplayName><![CDATA[GPO-chrome]]></GPODisplayName></BackupInst></Backups>