<BackupInst xmlns="http://www.microsoft.com/GroupPolicy/GPOOperations/Manifest"><GPOGuid><![CDATA[{DC5F3C88-A164-4DAB-9A2D-DABD575E64A2}]]></GPOGuid><GPODomain><![CDATA[int.beg.01.berylia.org]]></GPODomain><GPODomainGuid><![CDATA[{dcf8858c-f1a2-416d-b8ad-b18b67f03a5e}]]></GPODomainGuid><GPODomainController><![CDATA[DC01.int.beg.01.berylia.org]]></GPODomainController><BackupTime><![CDATA[2025-05-01T20:52:14]]></BackupTime><ID><![CDATA[{AF7EED69-9F0F-4E60-93DE-D7BA9BD247DB}]]></ID><Comment><![CDATA[]]></Comment><GPODisplayName><![CDATA[GPO-office-c]]></GPODisplayName></BackupInst>
