<BackupInst xmlns="http://www.microsoft.com/GroupPolicy/GPOOperations/Manifest"><GPOGuid><![CDATA[{EB10AD3A-E284-479A-BB15-EEA5D8465F0D}]]></GPOGuid><GPODomain><![CDATA[int.beg.01.berylia.org]]></GPODomain><GPODomainGuid><![CDATA[{dcf8858c-f1a2-416d-b8ad-b18b67f03a5e}]]></GPODomainGuid><GPODomainController><![CDATA[DC01.int.beg.01.berylia.org]]></GPODomainController><BackupTime><![CDATA[2025-05-01T20:52:14]]></BackupTime><ID><![CDATA[{5F25AEC0-D46E-4107-B7CB-34A6A2165BE4}]]></ID><Comment><![CDATA[]]></Comment><GPODisplayName><![CDATA[GPO-EG-Applocker-11]]></GPODisplayName></BackupInst>
