<BackupInst xmlns="http://www.microsoft.com/GroupPolicy/GPOOperations/Manifest"><GPOGuid><![CDATA[{90574078-F334-4087-90A1-EE07BBD90AF3}]]></GPOGuid><GPODomain><![CDATA[int.beg.01.berylia.org]]></GPODomain><GPODomainGuid><![CDATA[{dcf8858c-f1a2-416d-b8ad-b18b67f03a5e}]]></GPODomainGuid><GPODomainController><![CDATA[DC01.int.beg.01.berylia.org]]></GPODomainController><BackupTime><![CDATA[2025-05-01T20:52:13]]></BackupTime><ID><![CDATA[{F4C393A6-C310-4703-9C9C-89596DF1DE30}]]></ID><Comment><![CDATA[]]></Comment><GPODisplayName><![CDATA[GPO-IE-u]]></GPODisplayName></BackupInst>
