<BackupInst xmlns="http://www.microsoft.com/GroupPolicy/GPOOperations/Manifest"><GPOGuid><![CDATA[{F8A028FF-71A9-444E-9A52-D45AEA0C55AA}]]></GPOGuid><GPODomain><![CDATA[int.beg.01.berylia.org]]></GPODomain><GPODomainGuid><![CDATA[{dcf8858c-f1a2-416d-b8ad-b18b67f03a5e}]]></GPODomainGuid><GPODomainController><![CDATA[DC01.int.beg.01.berylia.org]]></GPODomainController><BackupTime><![CDATA[2025-05-01T20:52:15]]></BackupTime><ID><![CDATA[{35DDFD86-C834-4628-8D0D-95CB98611640}]]></ID><Comment><![CDATA[]]></Comment><GPODisplayName><![CDATA[GPO-EG-Applocker-DS]]></GPODisplayName></BackupInst>
