<BackupInst xmlns="http://www.microsoft.com/GroupPolicy/GPOOperations/Manifest"><GPOGuid><![CDATA[{3871EC81-789F-4F72-B576-B0C4AEBB6460}]]></GPOGuid><GPODomain><![CDATA[int.beg.01.berylia.org]]></GPODomain><GPODomainGuid><![CDATA[{dcf8858c-f1a2-416d-b8ad-b18b67f03a5e}]]></GPODomainGuid><GPODomainController><![CDATA[DC01.int.beg.01.berylia.org]]></GPODomainController><BackupTime><![CDATA[2025-05-01T20:52:12]]></BackupTime><ID><![CDATA[{EBC4D401-C73E-4B48-B267-6F6565B1D52B}]]></ID><Comment><![CDATA[]]></Comment><GPODisplayName><![CDATA[GPO-office-outlook]]></GPODisplayName></BackupInst>
