<BackupInst xmlns="http://www.microsoft.com/GroupPolicy/GPOOperations/Manifest"><GPOGuid><![CDATA[{71C655C5-C503-41C8-85E4-F0D6D4802914}]]></GPOGuid><GPODomain><![CDATA[int.beg.01.berylia.org]]></GPODomain><GPODomainGuid><![CDATA[{dcf8858c-f1a2-416d-b8ad-b18b67f03a5e}]]></GPODomainGuid><GPODomainController><![CDATA[DC01.int.beg.01.berylia.org]]></GPODomainController><BackupTime><![CDATA[2025-05-01T20:52:13]]></BackupTime><ID><![CDATA[{1D536FFE-919D-42D2-8D9E-EA0D59A89838}]]></ID><Comment><![CDATA[]]></Comment><GPODisplayName><![CDATA[GPO-office-project]]></GPODisplayName></BackupInst>
