<BackupInst xmlns="http://www.microsoft.com/GroupPolicy/GPOOperations/Manifest"><GPOGuid><![CDATA[{A4CCA367-EF66-430D-99EE-3B76279500C5}]]></GPOGuid><GPODomain><![CDATA[int.beg.01.berylia.org]]></GPODomain><GPODomainGuid><![CDATA[{dcf8858c-f1a2-416d-b8ad-b18b67f03a5e}]]></GPODomainGuid><GPODomainController><![CDATA[DC01.int.beg.01.berylia.org]]></GPODomainController><BackupTime><![CDATA[2025-05-01T20:52:13]]></BackupTime><ID><![CDATA[{96D607DF-79D8-4D3B-80BA-16790B5DE1B2}]]></ID><Comment><![CDATA[]]></Comment><GPODisplayName><![CDATA[GPO-DC-FW]]></GPODisplayName></BackupInst>
