<Backups xmlns="http://www.microsoft.com/GroupPolicy/GPOOperations/Manifest" xmlns:mfst="http://www.microsoft.com/GroupPolicy/GPOOperations/Manifest" mfst:version="1.0"><BackupInst xmlns="http://www.microsoft.com/GroupPolicy/GPOOperations/Manifest"><GPOGuid><![CDATA[{F56989B0-4BE4-46B4-BF4D-53A71C7DA385}]]></GPOGuid><GPODomain><![CDATA[security.local]]></GPODomain><GPODomainGuid><![CDATA[{2b127034-e676-4f54-b03a-e700e3004cb0}]]></GPODomainGuid><GPODomainController><![CDATA[GPOSrv2016.security.local]]></GPODomainController><BackupTime><![CDATA[2020-11-05T20:56:15]]></BackupTime><ID><![CDATA[{A786620A-FCA5-4DB2-977F-A6B1521B6714}]]></ID><Comment><![CDATA[]]></Comment><GPODisplayName><![CDATA[DoD Excel 2016 STIG User v1r2]]></GPODisplayName></BackupInst></Backups>