<BackupInst xmlns="http://www.microsoft.com/GroupPolicy/GPOOperations/Manifest"><GPOGuid><![CDATA[{21B08A3C-DDAC-4AF4-B465-B658BB21610F}]]></GPOGuid><GPODomain><![CDATA[int.baf.22.berylia.org]]></GPODomain><GPODomainGuid><![CDATA[{ae4b7126-5a7b-436d-afb7-dc723ae030fd}]]></GPODomainGuid><GPODomainController><![CDATA[dc1.int.baf.22.berylia.org]]></GPODomainController><BackupTime><![CDATA[2022-04-19T09:05:21]]></BackupTime><ID><![CDATA[{8CF617AC-8D0C-4F6B-A104-BDDD65F93E47}]]></ID><Comment><![CDATA[]]></Comment><GPODisplayName><![CDATA[GPO-ADFS-FW-baf]]></GPODisplayName></BackupInst>
