<BackupInst xmlns="http://www.microsoft.com/GroupPolicy/GPOOperations/Manifest"><GPOGuid><![CDATA[{E60756B0-7FD7-4651-9029-543519B833F1}]]></GPOGuid><GPODomain><![CDATA[int.beg.01.berylia.org]]></GPODomain><GPODomainGuid><![CDATA[{dcf8858c-f1a2-416d-b8ad-b18b67f03a5e}]]></GPODomainGuid><GPODomainController><![CDATA[DC01.int.beg.01.berylia.org]]></GPODomainController><BackupTime><![CDATA[2025-05-01T20:52:14]]></BackupTime><ID><![CDATA[{4E13E09E-4BD7-4EEE-ABFE-67B7A628E12B}]]></ID><Comment><![CDATA[]]></Comment><GPODisplayName><![CDATA[GPO-edge]]></GPODisplayName></BackupInst>
