<BackupInst xmlns="http://www.microsoft.com/GroupPolicy/GPOOperations/Manifest"><GPOGuid><![CDATA[{B0660867-675F-49C9-B5B1-E04D892BFC44}]]></GPOGuid><GPODomain><![CDATA[ESAE.RED]]></GPODomain><GPODomainGuid><![CDATA[{d2aa707a-cf96-4702-bf5c-dbf5a6770d8c}]]></GPODomainGuid><GPODomainController><![CDATA[ESAE01.ESAE.RED]]></GPODomainController><BackupTime><![CDATA[2022-04-20T17:57:05]]></BackupTime><ID><![CDATA[{1C7ED1A3-3B7C-45EB-A1CC-144A80821D33}]]></ID><Comment><![CDATA[]]></Comment><GPODisplayName><![CDATA[GPO-W10-11]]></GPODisplayName></BackupInst>
