<?xml version="1.0" encoding="utf-8"?>
<RegistrySettings clsid="{A3CCFC41-DFDB-43a5-8D26-0FE8B954DA51}"><Registry clsid="{9CD4B2F4-923D-47f5-A062-E897DD1DAD50}" name="Final" status="Final" image="7" changed="2021-04-12 08:19:54" uid="{E6EEB8F2-2A45-4E73-A99F-DA91A8FFC674}"><Properties action="U" displayDecimal="1" default="0" hive="HKEY_CURRENT_USER" key="SOFTWARE\Policies\LibreOffice\org.openoffice.Office.Common\Security\Scripting\MacroSecurityLevel" name="Final" type="REG_SZ" value="3"/></Registry>
	<Registry clsid="{9CD4B2F4-923D-47f5-A062-E897DD1DAD50}" name="MacroRuntimeScanScope" status="MacroRuntimeScanScope" image="12" changed="2021-04-12 13:32:29" uid="{1BE479AC-3E84-47D9-95C9-9EF6EAF5DA39}"><Properties action="U" displayDecimal="1" default="0" hive="HKEY_CURRENT_USER" key="SOFTWARE\Microsoft\Office\%VERSION%\Common\Security" name="MacroRuntimeScanScope" type="REG_DWORD" value="00000002"/></Registry>
	<Registry clsid="{9CD4B2F4-923D-47f5-A062-E897DD1DAD50}" name="AutoShareServer" status="AutoShareServer" image="12" changed="2017-04-23 10:26:14" uid="{6C8A1A43-C2BB-484D-A9E7-E00F2C385785}"><Properties action="U" displayDecimal="1" default="0" hive="HKEY_LOCAL_MACHINE" key="SYSTEM\CurrentControlSet\Services\LanmanServer\Parameters" name="AutoShareServer" type="REG_DWORD" value="00000000"/></Registry>
</RegistrySettings>
