<BackupInst xmlns="http://www.microsoft.com/GroupPolicy/GPOOperations/Manifest"><GPOGuid><![CDATA[{CB4EF15A-B2FB-48E6-B9DE-E277E5BB7CF4}]]></GPOGuid><GPODomain><![CDATA[int.beg.01.berylia.org]]></GPODomain><GPODomainGuid><![CDATA[{dcf8858c-f1a2-416d-b8ad-b18b67f03a5e}]]></GPODomainGuid><GPODomainController><![CDATA[DC01.int.beg.01.berylia.org]]></GPODomainController><BackupTime><![CDATA[2025-05-01T20:52:14]]></BackupTime><ID><![CDATA[{BA0DA461-6B7E-433A-8C3A-2AE47E1B4090}]]></ID><Comment><![CDATA[]]></Comment><GPODisplayName><![CDATA[GPO-office-onedrive-c]]></GPODisplayName></BackupInst>
