<Backups xmlns="http://www.microsoft.com/GroupPolicy/GPOOperations/Manifest" xmlns:mfst="http://www.microsoft.com/GroupPolicy/GPOOperations/Manifest" mfst:version="1.0"><BackupInst><GPOGuid><![CDATA[{36C3261C-02FC-42C7-A759-6412C3D8C253}]]></GPOGuid><GPODomain><![CDATA[blue.local]]></GPODomain><GPODomainGuid><![CDATA[{d2be8fc7-5ccf-490b-b952-1d3dedfe7206}]]></GPODomainGuid><GPODomainController><![CDATA[WAC.blue.local]]></GPODomainController><BackupTime><![CDATA[2022-04-18T18:19:29]]></BackupTime><ID><![CDATA[{5A725232-C90F-47F1-9746-E9AFB942961B}]]></ID><Comment><![CDATA[]]></Comment><GPODisplayName><![CDATA[GPO-DC-FW-BEG]]></GPODisplayName></BackupInst></Backups>