<BackupInst xmlns="http://www.microsoft.com/GroupPolicy/GPOOperations/Manifest"><GPOGuid><![CDATA[{A5DA5B40-9671-4752-946E-C42BDF74B365}]]></GPOGuid><GPODomain><![CDATA[ESAE.RED]]></GPODomain><GPODomainGuid><![CDATA[{d2aa707a-cf96-4702-bf5c-dbf5a6770d8c}]]></GPODomainGuid><GPODomainController><![CDATA[ESAE01.ESAE.RED]]></GPODomainController><BackupTime><![CDATA[2022-04-16T01:07:44]]></BackupTime><ID><![CDATA[{C8841A11-753D-4D64-8BD1-EA7F7524133E}]]></ID><Comment><![CDATA[]]></Comment><GPODisplayName><![CDATA[GPO-User-W10-11]]></GPODisplayName></BackupInst>
