<Backups xmlns="http://www.microsoft.com/GroupPolicy/GPOOperations/Manifest" xmlns:mfst="http://www.microsoft.com/GroupPolicy/GPOOperations/Manifest" mfst:version="1.0"><BackupInst><GPOGuid><![CDATA[{F15C4F81-9B4C-4D3D-8E8A-40C462D3DC52}]]></GPOGuid><GPODomain><![CDATA[int.baf.01.berylia.org]]></GPODomain><GPODomainGuid><![CDATA[{407a7827-4975-4248-84fc-aacaa85389cd}]]></GPODomainGuid><GPODomainController><![CDATA[dc1.int.baf.01.berylia.org]]></GPODomainController><BackupTime><![CDATA[2023-04-12T14:45:53]]></BackupTime><ID><![CDATA[{39969C9F-D2E5-4E5C-A413-E395EC0427C3}]]></ID><Comment><![CDATA[]]></Comment><GPODisplayName><![CDATA[GPO-EG-Applocker-11-baf]]></GPODisplayName></BackupInst></Backups>