<Backups xmlns="http://www.microsoft.com/GroupPolicy/GPOOperations/Manifest" xmlns:mfst="http://www.microsoft.com/GroupPolicy/GPOOperations/Manifest" mfst:version="1.0"><BackupInst xmlns="http://www.microsoft.com/GroupPolicy/GPOOperations/Manifest"><GPOGuid><![CDATA[{DC71D6EF-EC99-46F9-BDCC-A77AFFF1D1C1}]]></GPOGuid><GPODomain><![CDATA[security.local]]></GPODomain><GPODomainGuid><![CDATA[{2b127034-e676-4f54-b03a-e700e3004cb0}]]></GPODomainGuid><GPODomainController><![CDATA[GPOSrv2016.security.local]]></GPODomainController><BackupTime><![CDATA[2020-11-05T20:56:21]]></BackupTime><ID><![CDATA[{3F873B64-7BB7-47CF-9BB1-62163C3EFD9F}]]></ID><Comment><![CDATA[]]></Comment><GPODisplayName><![CDATA[DoD Skype for Business 2016 STIG Computer v1r1]]></GPODisplayName></BackupInst></Backups>