<BackupInst xmlns="http://www.microsoft.com/GroupPolicy/GPOOperations/Manifest"><GPOGuid><![CDATA[{282E49F8-6627-4960-8688-F1D960AE91AF}]]></GPOGuid><GPODomain><![CDATA[int.beg.01.berylia.org]]></GPODomain><GPODomainGuid><![CDATA[{dcf8858c-f1a2-416d-b8ad-b18b67f03a5e}]]></GPODomainGuid><GPODomainController><![CDATA[DC01.int.beg.01.berylia.org]]></GPODomainController><BackupTime><![CDATA[2025-05-01T20:52:12]]></BackupTime><ID><![CDATA[{95AF7206-E271-49AF-9782-C718D22A880F}]]></ID><Comment><![CDATA[]]></Comment><GPODisplayName><![CDATA[GPO-office-Access]]></GPODisplayName></BackupInst>
