<BackupInst xmlns="http://www.microsoft.com/GroupPolicy/GPOOperations/Manifest"><GPOGuid><![CDATA[{06FFAD21-C4D4-47C1-95B0-5817B8DF07A0}]]></GPOGuid><GPODomain><![CDATA[int.baf.01.berylia.org]]></GPODomain><GPODomainGuid><![CDATA[{407a7827-4975-4248-84fc-aacaa85389cd}]]></GPODomainGuid><GPODomainController><![CDATA[dc1.int.baf.01.berylia.org]]></GPODomainController><BackupTime><![CDATA[2023-04-13T14:05:15]]></BackupTime><ID><![CDATA[{4597E41A-0720-482B-A627-577BFD1CFE58}]]></ID><Comment><![CDATA[]]></Comment><GPODisplayName><![CDATA[GPO-MemberServerPolicy]]></GPODisplayName></BackupInst>
