<BackupInst xmlns="http://www.microsoft.com/GroupPolicy/GPOOperations/Manifest"><GPOGuid><![CDATA[{DACF0374-9477-4D6B-BB41-4708ADDAD965}]]></GPOGuid><GPODomain><![CDATA[BLUE.FOREST]]></GPODomain><GPODomainGuid><![CDATA[{2810b1b3-0520-45dc-8ae8-6ccb2492b261}]]></GPODomainGuid><GPODomainController><![CDATA[DC02.BLUE.FOREST]]></GPODomainController><BackupTime><![CDATA[2023-04-16T01:15:57]]></BackupTime><ID><![CDATA[{E23B16C5-3EC3-421D-A7FE-C676D4BBFDD3}]]></ID><Comment><![CDATA[]]></Comment><GPODisplayName><![CDATA[GPO-DefaultDomainPolicy-BAF]]></GPODisplayName></BackupInst>
