<BackupInst xmlns="http://www.microsoft.com/GroupPolicy/GPOOperations/Manifest"><GPOGuid><![CDATA[{42A1D037-1CDC-4D5B-B0F3-0CEFEC8C37F7}]]></GPOGuid><GPODomain><![CDATA[int.beg.01.berylia.org]]></GPODomain><GPODomainGuid><![CDATA[{dcf8858c-f1a2-416d-b8ad-b18b67f03a5e}]]></GPODomainGuid><GPODomainController><![CDATA[DC01.int.beg.01.berylia.org]]></GPODomainController><BackupTime><![CDATA[2025-05-01T20:52:12]]></BackupTime><ID><![CDATA[{62C8119F-7013-41AC-A8A1-EBBD067E95E0}]]></ID><Comment><![CDATA[]]></Comment><GPODisplayName><![CDATA[GPO-office-onedrive-u]]></GPODisplayName></BackupInst>
