<Backups xmlns="http://www.microsoft.com/GroupPolicy/GPOOperations/Manifest" xmlns:mfst="http://www.microsoft.com/GroupPolicy/GPOOperations/Manifest" mfst:version="1.0"><BackupInst><GPOGuid><![CDATA[{34FAF85E-0B21-4DBD-85F2-EAE58344503D}]]></GPOGuid><GPODomain><![CDATA[int.baf.01.berylia.org]]></GPODomain><GPODomainGuid><![CDATA[{407a7827-4975-4248-84fc-aacaa85389cd}]]></GPODomainGuid><GPODomainController><![CDATA[dc1.int.baf.01.berylia.org]]></GPODomainController><BackupTime><![CDATA[2023-04-12T14:46:06]]></BackupTime><ID><![CDATA[{05EE8518-8313-425D-8A6E-B8A40A5185CF}]]></ID><Comment><![CDATA[]]></Comment><GPODisplayName><![CDATA[GPO-EG-Applocker-DS]]></GPODisplayName></BackupInst></Backups>