<?xml version="1.0" encoding="utf-8"?>
<RegistrySettings clsid="{A3CCFC41-DFDB-43a5-8D26-0FE8B954DA51}"><Registry clsid="{9CD4B2F4-923D-47f5-A062-E897DD1DAD50}" name="AutoShareServer" status="AutoShareServer" image="12" changed="2017-04-12 12:03:56" uid="{3F470B85-1B86-428E-A6CA-217803FC55D7}"><Properties action="U" displayDecimal="1" default="0" hive="HKEY_LOCAL_MACHINE" key="SYSTEM\CurrentControlSet\Services\LanmanServer\Parameters" name="AutoShareServer" type="REG_DWORD" value="00000000"/></Registry>
	<Registry clsid="{9CD4B2F4-923D-47f5-A062-E897DD1DAD50}" name="CachedLogonsCount" status="CachedLogonsCount" image="7" changed="2017-04-24 16:01:11" uid="{B8D2430E-8F95-4402-AC0B-F5E0BB9F6BDE}"><Properties action="U" displayDecimal="0" default="0" hive="HKEY_LOCAL_MACHINE" key="SOFTWARE\Microsoft\Windows NT\CurrentVersion\Winlogon" name="CachedLogonsCount" type="REG_SZ" value="0"/></Registry>
	<Registry clsid="{9CD4B2F4-923D-47f5-A062-E897DD1DAD50}" name="ForceDefenderPassiveMode" status="ForceDefenderPassiveMode" image="12" changed="2021-03-29 14:35:33" uid="{20B12A8B-CEA5-43A7-BB05-AF0AC5A5C8A6}"><Properties action="U" displayDecimal="1" default="0" hive="HKEY_LOCAL_MACHINE" key="HKLM\SOFTWARE\Policies\Microsoft\Windows Advanced Threat Protection" name="ForceDefenderPassiveMode" type="REG_DWORD" value="00000001"/></Registry>
</RegistrySettings>
