<BackupInst xmlns="http://www.microsoft.com/GroupPolicy/GPOOperations/Manifest"><GPOGuid><![CDATA[{f7e4593a-75ed-4b2a-9654-e3771604991a}]]></GPOGuid><GPODomain><![CDATA[int.beg.01.berylia.org]]></GPODomain><GPODomainGuid><![CDATA[{b4b43964-bc14-41c5-bb24-73fb5be09da6}]]></GPODomainGuid><GPODomainController><![CDATA[dc1.int.beg.01.berylia.org]]></GPODomainController><BackupTime><![CDATA[2025-04-30T14:53:33]]></BackupTime><ID><![CDATA[{2BEA252A-E4AB-4B70-98BA-5995DF35363C}]]></ID><Comment><![CDATA[]]></Comment><GPODisplayName><![CDATA[HUN_ADCS]]></GPODisplayName></BackupInst>
