<Backups xmlns="http://www.microsoft.com/GroupPolicy/GPOOperations/Manifest" xmlns:mfst="http://www.microsoft.com/GroupPolicy/GPOOperations/Manifest" mfst:version="1.0"><BackupInst xmlns="http://www.microsoft.com/GroupPolicy/GPOOperations/Manifest"><GPOGuid><![CDATA[{732F6B4C-C125-4AA8-94EA-1930E18B81F4}]]></GPOGuid><GPODomain><![CDATA[security.local]]></GPODomain><GPODomainGuid><![CDATA[{2b127034-e676-4f54-b03a-e700e3004cb0}]]></GPODomainGuid><GPODomainController><![CDATA[GPOSrv2016.security.local]]></GPODomainController><BackupTime><![CDATA[2021-02-19T13:59:42]]></BackupTime><ID><![CDATA[{4AD0A5FF-937A-44D1-A101-586FAFB771BF}]]></ID><Comment><![CDATA[]]></Comment><GPODisplayName><![CDATA[DoD Google Chrome STIG Computer v2r2]]></GPODisplayName></BackupInst></Backups>