<BackupInst xmlns="http://www.microsoft.com/GroupPolicy/GPOOperations/Manifest"><GPOGuid><![CDATA[{791076DC-859D-4990-A9C2-8930DB0DA6C0}]]></GPOGuid><GPODomain><![CDATA[int.beg.01.berylia.org]]></GPODomain><GPODomainGuid><![CDATA[{dcf8858c-f1a2-416d-b8ad-b18b67f03a5e}]]></GPODomainGuid><GPODomainController><![CDATA[DC01.int.beg.01.berylia.org]]></GPODomainController><BackupTime><![CDATA[2025-05-01T20:52:13]]></BackupTime><ID><![CDATA[{8F849091-3B27-4DE4-8999-9D233075D7B8}]]></ID><Comment><![CDATA[]]></Comment><GPODisplayName><![CDATA[GPO-office-powerpoint]]></GPODisplayName></BackupInst>
