<BackupInst xmlns="http://www.microsoft.com/GroupPolicy/GPOOperations/Manifest"><GPOGuid><![CDATA[{918E1072-E2EC-474E-BB05-5CE13958B915}]]></GPOGuid><GPODomain><![CDATA[int.beg.01.berylia.org]]></GPODomain><GPODomainGuid><![CDATA[{dcf8858c-f1a2-416d-b8ad-b18b67f03a5e}]]></GPODomainGuid><GPODomainController><![CDATA[DC01.int.beg.01.berylia.org]]></GPODomainController><BackupTime><![CDATA[2025-05-01T20:52:13]]></BackupTime><ID><![CDATA[{0E91D4D9-4490-40BE-8A67-F05D009BF542}]]></ID><Comment><![CDATA[]]></Comment><GPODisplayName><![CDATA[GPO-EG-Applocker-10]]></GPODisplayName></BackupInst>
