<Backups xmlns="http://www.microsoft.com/GroupPolicy/GPOOperations/Manifest" xmlns:mfst="http://www.microsoft.com/GroupPolicy/GPOOperations/Manifest" mfst:version="1.0"><BackupInst xmlns="http://www.microsoft.com/GroupPolicy/GPOOperations/Manifest"><GPOGuid><![CDATA[{A9521AF5-63B7-41D6-BD9B-BDEA13D1DB87}]]></GPOGuid><GPODomain><![CDATA[security.local]]></GPODomain><GPODomainGuid><![CDATA[{2b127034-e676-4f54-b03a-e700e3004cb0}]]></GPODomainGuid><GPODomainController><![CDATA[GPOSrv2016.security.local]]></GPODomainController><BackupTime><![CDATA[2020-07-10T16:31:04]]></BackupTime><ID><![CDATA[{A3ABC697-A6B0-4871-89BF-467DE0440682}]]></ID><Comment><![CDATA[]]></Comment><GPODisplayName><![CDATA[DoD Internet Explorer 11 STIG Computer v1r19]]></GPODisplayName></BackupInst></Backups>