<Backups xmlns="http://www.microsoft.com/GroupPolicy/GPOOperations/Manifest" xmlns:mfst="http://www.microsoft.com/GroupPolicy/GPOOperations/Manifest" mfst:version="1.0"><BackupInst><GPOGuid><![CDATA[{A5DA5B40-9671-4752-946E-C42BDF74B365}]]></GPOGuid><GPODomain><![CDATA[ESAE.RED]]></GPODomain><GPODomainGuid><![CDATA[{d2aa707a-cf96-4702-bf5c-dbf5a6770d8c}]]></GPODomainGuid><GPODomainController><![CDATA[ESAE01.ESAE.RED]]></GPODomainController><BackupTime><![CDATA[2022-04-16T01:07:44]]></BackupTime><ID><![CDATA[{C8841A11-753D-4D64-8BD1-EA7F7524133E}]]></ID><Comment><![CDATA[]]></Comment><GPODisplayName><![CDATA[GPO-User-W10-11]]></GPODisplayName></BackupInst><BackupInst><GPOGuid><![CDATA[{37B974B8-25F3-4BE6-B008-F8E6FBE1E2A9}]]></GPOGuid><GPODomain><![CDATA[lab_2.sk]]></GPODomain><GPODomainGuid><![CDATA[{dfebeeae-4d87-482a-90ed-3fca357f9590}]]></GPODomainGuid><GPODomainController><![CDATA[DCX01.lab_2.sk]]></GPODomainController><BackupTime><![CDATA[2021-04-12T14:59:38]]></BackupTime><ID><![CDATA[{499F3006-251B-4EE5-81FD-3381EC9AA739}]]></ID><Comment><![CDATA[]]></Comment><GPODisplayName><![CDATA[GPO-User-W10]]></GPODisplayName></BackupInst><BackupInst xmlns="http://www.microsoft.com/GroupPolicy/GPOOperations/Manifest"><GPOGuid><![CDATA[{ABECF80B-B29F-4FE6-9D33-7E51609CF597}]]></GPOGuid><GPODomain><![CDATA[security.local]]></GPODomain><GPODomainGuid><![CDATA[{2b127034-e676-4f54-b03a-e700e3004cb0}]]></GPODomainGuid><GPODomainController><![CDATA[GPOSrv2016.security.local]]></GPODomainController><BackupTime><![CDATA[2020-11-05T20:55:15]]></BackupTime><ID><![CDATA[{854DE8E0-320D-4405-9339-72E4326F05D8}]]></ID><Comment><![CDATA[]]></Comment><GPODisplayName><![CDATA[DoD Windows 10 STIG User v2r1]]></GPODisplayName></BackupInst></Backups>