<BackupInst xmlns="http://www.microsoft.com/GroupPolicy/GPOOperations/Manifest"><GPOGuid><![CDATA[{46D1B48C-3D01-41A5-9C04-24618693D59A}]]></GPOGuid><GPODomain><![CDATA[int.beg.01.berylia.org]]></GPODomain><GPODomainGuid><![CDATA[{dcf8858c-f1a2-416d-b8ad-b18b67f03a5e}]]></GPODomainGuid><GPODomainController><![CDATA[DC01.int.beg.01.berylia.org]]></GPODomainController><BackupTime><![CDATA[2025-05-01T20:52:12]]></BackupTime><ID><![CDATA[{4414045D-63C0-4ABC-A8DE-C294FE3B7AEF}]]></ID><Comment><![CDATA[]]></Comment><GPODisplayName><![CDATA[GPO-HUN-ADFS-FW]]></GPODisplayName></BackupInst>
