<BackupInst xmlns="http://www.microsoft.com/GroupPolicy/GPOOperations/Manifest"><GPOGuid><![CDATA[{E7F4CD27-070D-468B-8B87-8114E1B9C8AF}]]></GPOGuid><GPODomain><![CDATA[int.beg.01.berylia.org]]></GPODomain><GPODomainGuid><![CDATA[{dcf8858c-f1a2-416d-b8ad-b18b67f03a5e}]]></GPODomainGuid><GPODomainController><![CDATA[DC01.int.beg.01.berylia.org]]></GPODomainController><BackupTime><![CDATA[2025-05-01T20:52:14]]></BackupTime><ID><![CDATA[{49E3975D-7FFF-4D46-999C-561EC48F9C8C}]]></ID><Comment><![CDATA[]]></Comment><GPODisplayName><![CDATA[GPO-W10-11]]></GPODisplayName></BackupInst>
