<?xml version="1.0" encoding="utf-8"?><!-- Copyright (c) Microsoft Corporation.  All rights reserved. --><GroupPolicyBackupScheme bkp:version="2.0" bkp:type="GroupPolicyBackupTemplate" xmlns:bkp="http://www.microsoft.com/GroupPolicy/GPOOperations" xmlns="http://www.microsoft.com/GroupPolicy/GPOOperations">
    <GroupPolicyObject><SecurityGroups><Group bkp:Source="FromDACL"><Sid><![CDATA[S-1-5-21-2727106867-3898599807-2030656779-519]]></Sid><SamAccountName><![CDATA[Enterprise Admins]]></SamAccountName><Type><![CDATA[UniversalGroup]]></Type><NetBIOSDomainName><![CDATA[LAB_2]]></NetBIOSDomainName><DnsDomainName><![CDATA[lab_2.sk]]></DnsDomainName><UPN><![CDATA[Enterprise Admins@lab_2.sk]]></UPN></Group><Group bkp:Source="FromDACL"><Sid><![CDATA[S-1-5-21-2727106867-3898599807-2030656779-512]]></Sid><SamAccountName><![CDATA[Domain Admins]]></SamAccountName><Type><![CDATA[GlobalGroup]]></Type><NetBIOSDomainName><![CDATA[LAB_2]]></NetBIOSDomainName><DnsDomainName><![CDATA[lab_2.sk]]></DnsDomainName><UPN><![CDATA[Domain Admins@lab_2.sk]]></UPN></Group></SecurityGroups><FilePaths/><GroupPolicyCoreSettings><ID><![CDATA[{37B974B8-25F3-4BE6-B008-F8E6FBE1E2A9}]]></ID><Domain><![CDATA[lab_2.sk]]></Domain><SecurityDescriptor>01 00 04 9c 00 00 00 00 00 00 00 00 00 00 00 00 14 00 00 00 04 00 ec 00 08 00 00 00 05 02 28 00 00 01 00 00 01 00 00 00 8f fd ac ed b3 ff d1 11 b4 1d 00 a0 c9 68 f9 39 01 01 00 00 00 00 00 05 0b 00 00 00 00 00 24 00 ff 00 0f 00 01 05 00 00 00 00 00 05 15 00 00 00 33 59 8c a2 7f e9 5f e8 0b 5d 09 79 00 02 00 00 00 02 24 00 ff 00 0f 00 01 05 00 00 00 00 00 05 15 00 00 00 33 59 8c a2 7f e9 5f e8 0b 5d 09 79 00 02 00 00 00 02 24 00 ff 00 0f 00 01 05 00 00 00 00 00 05 15 00 00 00 33 59 8c a2 7f e9 5f e8 0b 5d 09 79 07 02 00 00 00 02 14 00 94 00 02 00 01 01 00 00 00 00 00 05 09 00 00 00 00 02 14 00 94 00 02 00 01 01 00 00 00 00 00 05 0b 00 00 00 00 02 14 00 ff 00 0f 00 01 01 00 00 00 00 00 05 12 00 00 00 00 0a 14 00 ff 00 0f 00 01 01 00 00 00 00 00 03 00 00 00 00</SecurityDescriptor><DisplayName><![CDATA[GPO-User-W10]]></DisplayName><Options><![CDATA[2]]></Options><UserVersionNumber><![CDATA[65537]]></UserVersionNumber><MachineVersionNumber><![CDATA[65537]]></MachineVersionNumber><MachineExtensionGuids/><UserExtensionGuids><![CDATA[[{35378EAC-683F-11D2-A89A-00C04FBBCFA2}{D02B1F73-3407-48AE-BA88-E8213C6761F1}]]]></UserExtensionGuids><WMIFilter/></GroupPolicyCoreSettings> 
        <GroupPolicyExtension bkp:ID="{35378EAC-683F-11D2-A89A-00C04FBBCFA2}" bkp:DescName="Registry">
            <FSObjectFile bkp:Path="%GPO_MACH_FSPATH%\registry.pol" bkp:SourceExpandedPath="\\DCX01.lab_2.sk\sysvol\lab_2.sk\Policies\{37B974B8-25F3-4BE6-B008-F8E6FBE1E2A9}\Machine\registry.pol" bkp:Location="DomainSysvol\GPO\Machine\registry.pol"/>
            <FSObjectFile bkp:Path="%GPO_USER_FSPATH%\registry.pol" bkp:SourceExpandedPath="\\DCX01.lab_2.sk\sysvol\lab_2.sk\Policies\{37B974B8-25F3-4BE6-B008-F8E6FBE1E2A9}\User\registry.pol" bkp:Location="DomainSysvol\GPO\User\registry.pol"/>
            <FSObjectFile bkp:Path="%GPO_FSPATH%\Adm\*.*" bkp:SourceExpandedPath="\\DCX01.lab_2.sk\sysvol\lab_2.sk\Policies\{37B974B8-25F3-4BE6-B008-F8E6FBE1E2A9}\Adm\*.*"/>
        </GroupPolicyExtension>
        
        
        
        
        
        
        
        
        
    <GroupPolicyExtension bkp:ID="{F15C46CD-82A0-4C2D-A210-5D0D3182A418}" bkp:DescName="Unknown Extension"><FSObjectFile bkp:Path="%GPO_MACH_FSPATH%\comment.cmtx" bkp:SourceExpandedPath="\\DCX01.lab_2.sk\sysvol\lab_2.sk\Policies\{37B974B8-25F3-4BE6-B008-F8E6FBE1E2A9}\Machine\comment.cmtx" bkp:Location="DomainSysvol\GPO\Machine\comment.cmtx"/><FSObjectDir bkp:Path="%GPO_MACH_FSPATH%\Preferences" bkp:SourceExpandedPath="\\DCX01.lab_2.sk\sysvol\lab_2.sk\Policies\{37B974B8-25F3-4BE6-B008-F8E6FBE1E2A9}\Machine\Preferences" bkp:Location="DomainSysvol\GPO\Machine\Preferences"/><FSObjectDir bkp:Path="%GPO_MACH_FSPATH%\Preferences\Registry" bkp:SourceExpandedPath="\\DCX01.lab_2.sk\sysvol\lab_2.sk\Policies\{37B974B8-25F3-4BE6-B008-F8E6FBE1E2A9}\Machine\Preferences\Registry" bkp:Location="DomainSysvol\GPO\Machine\Preferences\Registry"/><FSObjectDir bkp:Path="%GPO_MACH_FSPATH%\Scripts" bkp:SourceExpandedPath="\\DCX01.lab_2.sk\sysvol\lab_2.sk\Policies\{37B974B8-25F3-4BE6-B008-F8E6FBE1E2A9}\Machine\Scripts" bkp:Location="DomainSysvol\GPO\Machine\Scripts"/><FSObjectDir bkp:Path="%GPO_MACH_FSPATH%\Scripts\Shutdown" bkp:SourceExpandedPath="\\DCX01.lab_2.sk\sysvol\lab_2.sk\Policies\{37B974B8-25F3-4BE6-B008-F8E6FBE1E2A9}\Machine\Scripts\Shutdown" bkp:Location="DomainSysvol\GPO\Machine\Scripts\Shutdown"/><FSObjectDir bkp:Path="%GPO_MACH_FSPATH%\Scripts\Startup" bkp:SourceExpandedPath="\\DCX01.lab_2.sk\sysvol\lab_2.sk\Policies\{37B974B8-25F3-4BE6-B008-F8E6FBE1E2A9}\Machine\Scripts\Startup" bkp:Location="DomainSysvol\GPO\Machine\Scripts\Startup"/><FSObjectDir bkp:Path="%GPO_USER_FSPATH%\Applications" bkp:SourceExpandedPath="\\DCX01.lab_2.sk\sysvol\lab_2.sk\Policies\{37B974B8-25F3-4BE6-B008-F8E6FBE1E2A9}\User\Applications" bkp:Location="DomainSysvol\GPO\User\Applications"/><FSObjectFile bkp:Path="%GPO_USER_FSPATH%\comment.cmtx" bkp:SourceExpandedPath="\\DCX01.lab_2.sk\sysvol\lab_2.sk\Policies\{37B974B8-25F3-4BE6-B008-F8E6FBE1E2A9}\User\comment.cmtx" bkp:Location="DomainSysvol\GPO\User\comment.cmtx"/><FSObjectDir bkp:Path="%GPO_USER_FSPATH%\Documents &amp; Settings" bkp:SourceExpandedPath="\\DCX01.lab_2.sk\sysvol\lab_2.sk\Policies\{37B974B8-25F3-4BE6-B008-F8E6FBE1E2A9}\User\Documents &amp; Settings" bkp:Location="DomainSysvol\GPO\User\Documents &amp; Settings"/><FSObjectDir bkp:Path="%GPO_USER_FSPATH%\Scripts" bkp:SourceExpandedPath="\\DCX01.lab_2.sk\sysvol\lab_2.sk\Policies\{37B974B8-25F3-4BE6-B008-F8E6FBE1E2A9}\User\Scripts" bkp:Location="DomainSysvol\GPO\User\Scripts"/><FSObjectDir bkp:Path="%GPO_USER_FSPATH%\Scripts\Logoff" bkp:SourceExpandedPath="\\DCX01.lab_2.sk\sysvol\lab_2.sk\Policies\{37B974B8-25F3-4BE6-B008-F8E6FBE1E2A9}\User\Scripts\Logoff" bkp:Location="DomainSysvol\GPO\User\Scripts\Logoff"/><FSObjectDir bkp:Path="%GPO_USER_FSPATH%\Scripts\Logon" bkp:SourceExpandedPath="\\DCX01.lab_2.sk\sysvol\lab_2.sk\Policies\{37B974B8-25F3-4BE6-B008-F8E6FBE1E2A9}\User\Scripts\Logon" bkp:Location="DomainSysvol\GPO\User\Scripts\Logon"/></GroupPolicyExtension></GroupPolicyObject>
</GroupPolicyBackupScheme>