<BackupInst xmlns="http://www.microsoft.com/GroupPolicy/GPOOperations/Manifest"><GPOGuid><![CDATA[{37B974B8-25F3-4BE6-B008-F8E6FBE1E2A9}]]></GPOGuid><GPODomain><![CDATA[lab_2.sk]]></GPODomain><GPODomainGuid><![CDATA[{dfebeeae-4d87-482a-90ed-3fca357f9590}]]></GPODomainGuid><GPODomainController><![CDATA[DCX01.lab_2.sk]]></GPODomainController><BackupTime><![CDATA[2021-04-12T14:59:38]]></BackupTime><ID><![CDATA[{499F3006-251B-4EE5-81FD-3381EC9AA739}]]></ID><Comment><![CDATA[]]></Comment><GPODisplayName><![CDATA[GPO-User-W10]]></GPODisplayName></BackupInst>
