<Backups xmlns="http://www.microsoft.com/GroupPolicy/GPOOperations/Manifest" xmlns:mfst="http://www.microsoft.com/GroupPolicy/GPOOperations/Manifest" mfst:version="1.0"><BackupInst><GPOGuid><![CDATA[{C033395D-D9FC-487F-829A-0A7E20B40639}]]></GPOGuid><GPODomain><![CDATA[int.baf.22.berylia.org]]></GPODomain><GPODomainGuid><![CDATA[{ae4b7126-5a7b-436d-afb7-dc723ae030fd}]]></GPODomainGuid><GPODomainController><![CDATA[dc1.int.baf.22.berylia.org]]></GPODomainController><BackupTime><![CDATA[2022-04-19T09:06:38]]></BackupTime><ID><![CDATA[{7C79C010-DB7C-4239-88C5-C1CB3317662D}]]></ID><Comment><![CDATA[]]></Comment><GPODisplayName><![CDATA[GPO-WAP-FW-baf]]></GPODisplayName></BackupInst></Backups>