<BackupInst xmlns="http://www.microsoft.com/GroupPolicy/GPOOperations/Manifest"><GPOGuid><![CDATA[{D5793B73-1225-4B83-BD40-7C1C7C862AB5}]]></GPOGuid><GPODomain><![CDATA[security.local]]></GPODomain><GPODomainGuid><![CDATA[{2b127034-e676-4f54-b03a-e700e3004cb0}]]></GPODomainGuid><GPODomainController><![CDATA[GPOSrv2016.security.local]]></GPODomainController><BackupTime><![CDATA[2020-11-05T20:56:17]]></BackupTime><ID><![CDATA[{301B97EC-A1C0-473F-ABF2-8B64725E3E11}]]></ID><Comment><![CDATA[]]></Comment><GPODisplayName><![CDATA[DoD OneDrive for Business 2016 STIG Computer v2r1]]></GPODisplayName></BackupInst>
